{"textures":{"0":"modelengine:entity/bison"},"elements":[{"name":"cube","from":[5.97824,1.0275197,5.647808],"to":[9.421761,9.11456,10.140608],"rotation":{"angle":0.0,"axis":"x","origin":[2.428928,17.875523,-13.850945]},"faces":{"down":{"uv":[7.21875,9.6875,6.875,10.15625],"rotation":0,"texture":"#0","tintindex":0},"east":{"uv":[3.8125,8.125,4.28125,8.96875],"rotation":0,"texture":"#0","tintindex":0},"north":{"uv":[1.0,9.0,1.34375,9.84375],"rotation":0,"texture":"#0","tintindex":0},"south":{"uv":[9.0,3.0,9.34375,3.84375],"rotation":0,"texture":"#0","tintindex":0},"up":{"uv":[6.84375,10.15625,6.5,9.6875],"rotation":0,"texture":"#0","tintindex":0},"west":{"uv":[8.25,3.875,8.71875,4.71875],"rotation":0,"texture":"#0","tintindex":0}}},{"name":"cube","from":[5.5289598,-1.6681604,3.4014077],"to":[9.87104,1.9260801,10.410176],"rotation":{"angle":0.0,"axis":"x","origin":[2.428928,17.875523,-13.850945]},"faces":{"down":{"uv":[9.0,8.9375,8.5625,9.65625],"rotation":0,"texture":"#0","tintindex":0},"east":{"uv":[9.0,8.6875,9.71875,9.0625],"rotation":0,"texture":"#0","tintindex":0},"north":{"uv":[2.4375,9.625,2.875,10.0],"rotation":0,"texture":"#0","tintindex":0},"south":{"uv":[2.875,9.625,3.3125,10.0],"rotation":0,"texture":"#0","tintindex":0},"up":{"uv":[8.5625,9.65625,8.125,8.9375],"rotation":0,"texture":"#0","tintindex":0},"west":{"uv":[4.0,9.0625,4.71875,9.4375],"rotation":0,"texture":"#0","tintindex":0}}}],"display":{"head":{"translation":[0.0,-6.4,0.0],"rotation":[0.0,0.0,0.0],"scale":[3.8095,3.8095,3.8095]}}}