{"textures":{"0":"modelengine:entity/bison"},"elements":[{"name":"cube","from":[4.3066397,12.90874,-3.1806402],"to":[11.233641,15.361564,3.8499198],"rotation":{"angle":22.5,"axis":"x","origin":[7.74764,14.502652,4.9846396]},"faces":{"down":{"uv":[5.90625,7.3125,5.1875,8.03125],"rotation":0,"texture":"#0","tintindex":0},"east":{"uv":[4.0,9.4375,4.71875,9.6875],"rotation":0,"texture":"#0","tintindex":0},"north":{"uv":[7.3125,2.625,8.03125,2.875],"rotation":0,"texture":"#0","tintindex":0},"south":{"uv":[6.5625,9.4375,7.28125,9.6875],"rotation":0,"texture":"#0","tintindex":0},"up":{"uv":[5.15625,8.03125,4.4375,7.3125],"rotation":0,"texture":"#0","tintindex":0},"west":{"uv":[9.4375,7.0625,10.15625,7.3125],"rotation":0,"texture":"#0","tintindex":0}}},{"name":"cube","from":[4.23164,14.10874,3.7193596],"to":[11.26364,15.316563,11.049921],"rotation":{"angle":22.5,"axis":"x","origin":[7.74764,14.502652,4.9846396]},"faces":{"down":{"uv":[8.03125,1.875,7.3125,2.625],"rotation":0,"texture":"#0","tintindex":0},"east":{"uv":[3.75,1.25,4.5,1.375],"rotation":0,"texture":"#0","tintindex":0},"north":{"uv":[9.75,2.8125,10.46875,2.9375],"rotation":0,"texture":"#0","tintindex":0},"south":{"uv":[9.75,5.125,10.46875,5.25],"rotation":0,"texture":"#0","tintindex":0},"up":{"uv":[8.03125,1.875,7.3125,1.125],"rotation":0,"texture":"#0","tintindex":0},"west":{"uv":[5.6875,2.5,6.4375,2.625],"rotation":0,"texture":"#0","tintindex":0}}},{"name":"cube","from":[2.5809197,0.95294666,-0.76768064],"to":[12.914361,15.002357,7.76864],"rotation":{"angle":0.0,"axis":"x","origin":[7.74764,9.107378,-5.9344015]},"faces":{"down":{"uv":[6.75,0.875,5.6875,1.75],"rotation":0,"texture":"#0","tintindex":0},"east":{"uv":[2.25,4.5,3.125,5.96875],"rotation":0,"texture":"#0","tintindex":0},"north":{"uv":[2.375,3.0,3.4375,4.46875],"rotation":0,"texture":"#0","tintindex":0},"south":{"uv":[0.0,3.25,1.0625,4.71875],"rotation":0,"texture":"#0","tintindex":0},"up":{"uv":[6.6875,3.5,5.625,2.625],"rotation":0,"texture":"#0","tintindex":0},"west":{"uv":[1.0625,4.625,1.9375,6.09375],"rotation":0,"texture":"#0","tintindex":0}}}],"display":{"head":{"translation":[0.0,-6.4,0.0],"rotation":[0.0,0.0,0.0],"scale":[3.8095,3.8095,3.8095]}}}