{"textures":{"0":"modelengine:entity/bison"},"elements":[{"name":"cube","from":[5.97824,1.0275197,6.2478075],"to":[10.021761,9.11456,10.740608],"rotation":{"angle":0.0,"axis":"x","origin":[2.428928,17.875523,7.8202877]},"faces":{"down":{"uv":[5.28125,9.375,4.875,9.84375],"rotation":0,"texture":"#0","tintindex":0},"east":{"uv":[1.5,8.375,1.96875,9.21875],"rotation":0,"texture":"#0","tintindex":0},"north":{"uv":[8.75,3.875,9.15625,4.71875],"rotation":0,"texture":"#0","tintindex":0},"south":{"uv":[8.875,4.75,9.28125,5.59375],"rotation":0,"texture":"#0","tintindex":0},"up":{"uv":[9.78125,3.46875,9.375,3.0],"rotation":0,"texture":"#0","tintindex":0},"west":{"uv":[2.0,8.375,2.46875,9.21875],"rotation":0,"texture":"#0","tintindex":0}}},{"name":"cube","from":[5.5289598,-1.6681604,4.0014076],"to":[10.47104,1.9260801,11.010176],"rotation":{"angle":0.0,"axis":"x","origin":[2.428928,17.875523,7.8202877]},"faces":{"down":{"uv":[5.625,8.625,5.125,9.34375],"rotation":0,"texture":"#0","tintindex":0},"east":{"uv":[6.6875,9.0625,7.40625,9.4375],"rotation":0,"texture":"#0","tintindex":0},"north":{"uv":[7.375,0.75,7.875,1.125],"rotation":0,"texture":"#0","tintindex":0},"south":{"uv":[9.375,3.5,9.875,3.875],"rotation":0,"texture":"#0","tintindex":0},"up":{"uv":[9.125,2.09375,8.625,1.375],"rotation":0,"texture":"#0","tintindex":0},"west":{"uv":[9.0,9.0625,9.71875,9.4375],"rotation":0,"texture":"#0","tintindex":0}}}],"display":{"head":{"translation":[0.0,-6.4,0.0],"rotation":[0.0,0.0,0.0],"scale":[3.8095,3.8095,3.8095]}}}