{"textures":{"0":"modelengine:entity/bison"},"elements":[{"name":"cube","from":[6.5782394,1.0275197,5.647808],"to":[10.021761,9.11456,10.140608],"rotation":{"angle":0.0,"axis":"x","origin":[13.571073,17.875523,-13.850945]},"faces":{"down":{"uv":[6.46875,9.6875,6.125,10.15625],"rotation":0,"texture":"#0","tintindex":0},"east":{"uv":[1.0,8.125,1.46875,8.96875],"rotation":0,"texture":"#0","tintindex":0},"north":{"uv":[2.75,6.0,3.09375,6.84375],"rotation":0,"texture":"#0","tintindex":0},"south":{"uv":[2.9375,8.75,3.28125,9.59375],"rotation":0,"texture":"#0","tintindex":0},"up":{"uv":[0.96875,10.03125,0.625,9.5625],"rotation":0,"texture":"#0","tintindex":0},"west":{"uv":[3.3125,8.125,3.78125,8.96875],"rotation":0,"texture":"#0","tintindex":0}}},{"name":"cube","from":[6.12896,-1.6681604,3.4014077],"to":[10.471041,1.9260801,10.410176],"rotation":{"angle":0.0,"axis":"x","origin":[13.571073,17.875523,-13.850945]},"faces":{"down":{"uv":[9.375,7.9375,8.9375,8.65625],"rotation":0,"texture":"#0","tintindex":0},"east":{"uv":[3.625,2.625,4.34375,3.0],"rotation":0,"texture":"#0","tintindex":0},"north":{"uv":[7.125,4.25,7.5625,4.625],"rotation":0,"texture":"#0","tintindex":0},"south":{"uv":[2.0,9.5625,2.4375,9.9375],"rotation":0,"texture":"#0","tintindex":0},"up":{"uv":[6.375,8.03125,5.9375,7.3125],"rotation":0,"texture":"#0","tintindex":0},"west":{"uv":[4.9375,0.875,5.65625,1.25],"rotation":0,"texture":"#0","tintindex":0}}}],"display":{"head":{"translation":[0.0,-6.4,0.0],"rotation":[0.0,0.0,0.0],"scale":[3.8095,3.8095,3.8095]}}}