{"textures":{"0":"modelengine:entity/bison"},"elements":[{"name":"cube","from":[6.56468,-1.4479599,4.2819195],"to":[11.356041,9.8186,11.919681],"rotation":{"angle":22.5,"axis":"x","origin":[9.26036,4.87652,8.1008]},"faces":{"down":{"uv":[8.125,8.4375,7.625,9.21875],"rotation":0,"texture":"#0","tintindex":0},"east":{"uv":[0.0,6.0,0.78125,7.1875],"rotation":0,"texture":"#0","tintindex":0},"north":{"uv":[2.125,7.1875,2.625,8.375],"rotation":0,"texture":"#0","tintindex":0},"south":{"uv":[0.5,7.3125,1.0,8.5],"rotation":0,"texture":"#0","tintindex":0},"up":{"uv":[8.875,8.40625,8.375,7.625],"rotation":0,"texture":"#0","tintindex":0},"west":{"uv":[1.9375,6.0,2.71875,7.1875],"rotation":0,"texture":"#0","tintindex":0}}}],"display":{"head":{"translation":[0.0,-6.4,0.0],"rotation":[0.0,0.0,0.0],"scale":[3.8095,3.8095,3.8095]}}}