{"textures":{"0":"modelengine:entity/bison"},"elements":[{"name":"cube","from":[4.6439595,-1.4479599,4.2819195],"to":[9.43532,9.8186,11.919681],"rotation":{"angle":22.5,"axis":"x","origin":[6.73964,4.87652,8.1008]},"faces":{"down":{"uv":[8.875,4.75,8.375,5.53125],"rotation":0,"texture":"#0","tintindex":0},"east":{"uv":[3.125,5.75,3.90625,6.9375],"rotation":0,"texture":"#0","tintindex":0},"north":{"uv":[0.0,7.1875,0.5,8.375],"rotation":0,"texture":"#0","tintindex":0},"south":{"uv":[1.625,7.1875,2.125,8.375],"rotation":0,"texture":"#0","tintindex":0},"up":{"uv":[8.625,6.96875,8.125,6.1875],"rotation":0,"texture":"#0","tintindex":0},"west":{"uv":[3.9375,5.75,4.71875,6.9375],"rotation":0,"texture":"#0","tintindex":0}}}],"display":{"head":{"translation":[0.0,-6.4,0.0],"rotation":[0.0,0.0,0.0],"scale":[3.8095,3.8095,3.8095]}}}