{"textures":{"0":"modelengine:entity/tiger"},"elements":[{"name":"cube","from":[6.632,3.7659085,6.6059675],"to":[8.9405,8.112908,9.872968],"rotation":{"angle":-22.5,"axis":"x","origin":[7.7795,5.919159,7.2944674]},"faces":{"down":{"uv":[13.3125,11.0,12.5,12.125],"rotation":0,"texture":"#0","tintindex":0},"east":{"uv":[5.5,9.125,6.625,10.625],"rotation":0,"texture":"#0","tintindex":0},"north":{"uv":[11.0,8.375,11.8125,9.875],"rotation":0,"texture":"#0","tintindex":0},"south":{"uv":[0.0,11.125,0.8125,12.625],"rotation":0,"texture":"#0","tintindex":0},"up":{"uv":[13.3125,11.0,12.5,9.875],"rotation":0,"texture":"#0","tintindex":0},"west":{"uv":[9.875,9.0,11.0,10.5],"rotation":0,"texture":"#0","tintindex":0}}},{"name":"cube","from":[6.632,2.662064,7.382204],"to":[8.9405,4.916564,10.500704],"rotation":{"angle":0.0,"axis":"x","origin":[7.78625,5.4160643,8.597204]},"faces":{"down":{"uv":[14.0625,6.375,13.25,7.4375],"rotation":0,"texture":"#0","tintindex":0},"east":{"uv":[12.75,2.0,13.8125,2.8125],"rotation":0,"texture":"#0","tintindex":0},"north":{"uv":[13.375,11.0,14.1875,11.8125],"rotation":0,"texture":"#0","tintindex":0},"south":{"uv":[13.375,11.875,14.1875,12.6875],"rotation":0,"texture":"#0","tintindex":0},"up":{"uv":[12.3125,14.1875,11.5,13.125],"rotation":0,"texture":"#0","tintindex":0},"west":{"uv":[13.25,4.0,14.3125,4.8125],"rotation":0,"texture":"#0","tintindex":0}}},{"name":"cube","from":[6.7265,2.1386328,5.7406673],"to":[8.724501,2.813633,10.479168],"rotation":{"angle":0.0,"axis":"x","origin":[8.0,5.6,-2.8000002]},"faces":{"down":{"uv":[12.4375,9.875,11.75,11.5],"rotation":0,"texture":"#0","tintindex":0},"east":{"uv":[13.375,6.0,15.0,6.25],"rotation":0,"texture":"#0","tintindex":0},"north":{"uv":[14.375,4.25,15.0625,4.5],"rotation":0,"texture":"#0","tintindex":0},"south":{"uv":[14.375,4.5,15.0625,4.75],"rotation":0,"texture":"#0","tintindex":0},"up":{"uv":[12.4375,5.625,11.75,4.0],"rotation":0,"texture":"#0","tintindex":0},"west":{"uv":[13.5,9.25,15.125,9.5],"rotation":0,"texture":"#0","tintindex":0}}}],"display":{"head":{"translation":[0.0,-6.4,0.0],"rotation":[0.0,0.0,0.0],"scale":[3.8095,3.8095,3.8095]}}}