{"textures":{"0":"modelengine:entity/rhino"},"elements":[{"name":"cube","from":[5.97824,1.0275197,6.2478085],"to":[10.021759,9.11456,10.740608],"rotation":{"angle":0.0,"axis":"x","origin":[13.571071,17.875523,-13.250945]},"faces":{"down":{"uv":[3.5,12.25,3.0,12.875],"rotation":0,"texture":"#0","tintindex":0},"east":{"uv":[11.0,2.5,11.625,3.625],"rotation":0,"texture":"#0","tintindex":0},"north":{"uv":[8.25,11.25,8.75,12.375],"rotation":0,"texture":"#0","tintindex":0},"south":{"uv":[8.75,11.25,9.25,12.375],"rotation":0,"texture":"#0","tintindex":0},"up":{"uv":[12.75,3.125,12.25,2.5],"rotation":0,"texture":"#0","tintindex":0},"west":{"uv":[11.0,3.75,11.625,4.875],"rotation":0,"texture":"#0","tintindex":0}}},{"name":"cube","from":[5.5289593,-1.6681604,4.0014076],"to":[10.47104,1.9260801,11.010176],"rotation":{"angle":0.0,"axis":"x","origin":[13.571071,17.875523,-13.250945]},"faces":{"down":{"uv":[5.875,11.25,5.25,12.25],"rotation":0,"texture":"#0","tintindex":0},"east":{"uv":[11.5,11.0,12.5,11.5],"rotation":0,"texture":"#0","tintindex":0},"north":{"uv":[12.25,3.25,12.875,3.75],"rotation":0,"texture":"#0","tintindex":0},"south":{"uv":[3.5,12.25,4.125,12.75],"rotation":0,"texture":"#0","tintindex":0},"up":{"uv":[11.875,6.0,11.25,5.0],"rotation":0,"texture":"#0","tintindex":0},"west":{"uv":[11.75,0.0,12.75,0.5],"rotation":0,"texture":"#0","tintindex":0}}}],"display":{"head":{"translation":[0.0,-6.4,0.0],"rotation":[0.0,0.0,0.0],"scale":[3.8095,3.8095,3.8095]}}}