{"textures":{"0":"modelengine:entity/lynx"},"elements":[{"name":"cube","from":[7.1792,5.3395452,7.5235806],"to":[8.564301,7.9477453,9.48378],"rotation":{"angle":-22.5,"axis":"x","origin":[7.8677,6.6314955,7.9366803]},"faces":{"down":{"uv":[7.5625,9.5,7.0,10.3125],"rotation":0,"texture":"#0","tintindex":0},"east":{"uv":[7.25,7.0,8.0625,8.0625],"rotation":0,"texture":"#0","tintindex":0},"north":{"uv":[8.5,3.0,9.0625,4.0625],"rotation":0,"texture":"#0","tintindex":0},"south":{"uv":[8.5,4.25,9.0625,5.3125],"rotation":0,"texture":"#0","tintindex":0},"up":{"uv":[10.0625,7.5625,9.5,6.75],"rotation":0,"texture":"#0","tintindex":0},"west":{"uv":[7.5,0.0,8.3125,1.0625],"rotation":0,"texture":"#0","tintindex":0}}},{"name":"cube","from":[7.1882,4.6772385,7.989322],"to":[8.5463,6.0299387,9.860422],"rotation":{"angle":0.0,"axis":"x","origin":[7.87175,6.3296385,8.718323]},"faces":{"down":{"uv":[3.8125,9.75,3.25,10.5],"rotation":0,"texture":"#0","tintindex":0},"east":{"uv":[9.75,1.0,10.5,1.5625],"rotation":0,"texture":"#0","tintindex":0},"north":{"uv":[10.25,6.0,10.8125,6.5625],"rotation":0,"texture":"#0","tintindex":0},"south":{"uv":[10.25,6.75,10.8125,7.3125],"rotation":0,"texture":"#0","tintindex":0},"up":{"uv":[10.3125,3.25,9.75,2.5],"rotation":0,"texture":"#0","tintindex":0},"west":{"uv":[9.75,1.75,10.5,2.3125],"rotation":0,"texture":"#0","tintindex":0}}},{"name":"cube","from":[7.2359,4.3631797,7.0044003],"to":[8.4347,4.76818,9.8475],"rotation":{"angle":0.0,"axis":"x","origin":[8.0,6.4399996,1.8799993]},"faces":{"down":{"uv":[2.25,8.75,1.75,9.9375],"rotation":0,"texture":"#0","tintindex":0},"east":{"uv":[10.5,0.5,11.6875,0.6875],"rotation":0,"texture":"#0","tintindex":0},"north":{"uv":[9.0,8.5,9.5,8.6875],"rotation":0,"texture":"#0","tintindex":0},"south":{"uv":[9.25,5.25,9.75,5.4375],"rotation":0,"texture":"#0","tintindex":0},"up":{"uv":[3.25,4.6875,2.75,3.5],"rotation":0,"texture":"#0","tintindex":0},"west":{"uv":[10.5,0.75,11.6875,0.9375],"rotation":0,"texture":"#0","tintindex":0}}}],"display":{"head":{"translation":[0.0,-6.4,0.0],"rotation":[0.0,0.0,0.0],"scale":[3.8095,3.8095,3.8095]}}}