{"textures":{"0":"modelengine:entity/elephant"},"elements":[{"name":"voxel","from":[0.28120708,4.3999996,-3.647241],"to":[15.851207,22.400002,7.1527586],"rotation":{"angle":0.0,"axis":"x","origin":[-102.4688,-19.600002,76.75276]},"faces":{"down":{"uv":[7.0,2.5,5.375,3.625],"rotation":0,"texture":"#0","tintindex":0},"east":{"uv":[1.625,4.25,2.75,6.125],"rotation":0,"texture":"#0","tintindex":0},"north":{"uv":[0.0,3.25,1.625,5.125],"rotation":0,"texture":"#0","tintindex":0},"south":{"uv":[3.75,0.0,5.375,1.875],"rotation":0,"texture":"#0","tintindex":0},"up":{"uv":[7.0,2.5,5.375,1.375],"rotation":0,"texture":"#0","tintindex":0},"west":{"uv":[0.0,5.125,1.125,7.0],"rotation":0,"texture":"#0","tintindex":0}}},{"name":"voxel","from":[-1.4887934,1.9999998,3.5527582],"to":[0.8512063,23.600002,9.552759],"rotation":{"angle":0.0,"axis":"x","origin":[-102.4688,-19.600002,76.75276]},"faces":{"down":{"uv":[3.0,11.25,2.75,11.875],"rotation":0,"texture":"#0","tintindex":0},"east":{"uv":[3.25,6.875,3.875,9.125],"rotation":0,"texture":"#0","tintindex":0},"north":{"uv":[4.25,9.125,4.5,11.375],"rotation":0,"texture":"#0","tintindex":0},"south":{"uv":[0.375,9.25,0.625,11.5],"rotation":0,"texture":"#0","tintindex":0},"up":{"uv":[1.875,11.875,1.625,11.25],"rotation":0,"texture":"#0","tintindex":0},"west":{"uv":[3.875,6.875,4.5,9.125],"rotation":0,"texture":"#0","tintindex":0}}},{"name":"voxel","from":[-1.4887934,3.1999998,9.552759],"to":[0.8512063,22.400002,14.352758],"rotation":{"angle":0.0,"axis":"x","origin":[-102.4688,-19.600002,76.75276]},"faces":{"down":{"uv":[7.125,11.25,6.875,11.75],"rotation":0,"texture":"#0","tintindex":0},"east":{"uv":[1.75,7.5,2.25,9.5],"rotation":0,"texture":"#0","tintindex":0},"north":{"uv":[8.625,10.125,8.875,12.125],"rotation":0,"texture":"#0","tintindex":0},"south":{"uv":[8.875,10.125,9.125,12.125],"rotation":0,"texture":"#0","tintindex":0},"up":{"uv":[3.125,10.125,2.875,9.625],"rotation":0,"texture":"#0","tintindex":0},"west":{"uv":[5.375,8.375,5.875,10.375],"rotation":0,"texture":"#0","tintindex":0}}},{"name":"voxel","from":[-1.4887934,12.8,2.3527582],"to":[0.8512063,23.600002,3.5527582],"rotation":{"angle":0.0,"axis":"x","origin":[-102.4688,-19.600002,76.75276]},"faces":{"down":{"uv":[10.875,2.125,10.625,2.25],"rotation":0,"texture":"#0","tintindex":0},"east":{"uv":[2.25,7.5,2.375,8.625],"rotation":0,"texture":"#0","tintindex":0},"north":{"uv":[6.75,0.0,7.0,1.125],"rotation":0,"texture":"#0","tintindex":0},"south":{"uv":[8.25,10.25,8.5,11.375],"rotation":0,"texture":"#0","tintindex":0},"up":{"uv":[10.375,6.0,10.125,5.875],"rotation":0,"texture":"#0","tintindex":0},"west":{"uv":[3.625,10.75,3.75,11.875],"rotation":0,"texture":"#0","tintindex":0}}},{"name":"voxel","from":[16.331207,12.8,2.3527582],"to":[18.671207,23.600002,3.5527582],"rotation":{"angle":0.0,"axis":"x","origin":[119.65121,-19.600002,76.75276]},"faces":{"down":{"uv":[11.5,1.75,11.25,1.875],"rotation":0,"texture":"#0","tintindex":0},"east":{"uv":[5.5,10.875,5.625,12.0],"rotation":0,"texture":"#0","tintindex":0},"north":{"uv":[1.25,10.625,1.5,11.75],"rotation":0,"texture":"#0","tintindex":0},"south":{"uv":[7.5,10.625,7.75,11.75],"rotation":0,"texture":"#0","tintindex":0},"up":{"uv":[7.5,10.75,7.25,10.625],"rotation":0,"texture":"#0","tintindex":0},"west":{"uv":[1.125,11.125,1.25,12.25],"rotation":0,"texture":"#0","tintindex":0}}},{"name":"voxel","from":[16.331207,1.9999998,3.5527582],"to":[18.671207,23.600002,9.552759],"rotation":{"angle":0.0,"axis":"x","origin":[119.65121,-19.600002,76.75276]},"faces":{"down":{"uv":[11.5,3.125,11.25,3.75],"rotation":0,"texture":"#0","tintindex":0},"east":{"uv":[0.0,7.0,0.625,9.25],"rotation":0,"texture":"#0","tintindex":0},"north":{"uv":[2.0,9.5,2.25,11.75],"rotation":0,"texture":"#0","tintindex":0},"south":{"uv":[9.5,3.75,9.75,6.0],"rotation":0,"texture":"#0","tintindex":0},"up":{"uv":[3.25,11.875,3.0,11.25],"rotation":0,"texture":"#0","tintindex":0},"west":{"uv":[7.0,0.0,7.625,2.25],"rotation":0,"texture":"#0","tintindex":0}}},{"name":"voxel","from":[16.331207,3.1999998,9.552759],"to":[18.671207,22.400002,14.352758],"rotation":{"angle":0.0,"axis":"x","origin":[119.65121,-19.600002,76.75276]},"faces":{"down":{"uv":[9.875,11.25,9.625,11.75],"rotation":0,"texture":"#0","tintindex":0},"east":{"uv":[0.625,8.625,1.125,10.625],"rotation":0,"texture":"#0","tintindex":0},"north":{"uv":[9.125,10.125,9.375,12.125],"rotation":0,"texture":"#0","tintindex":0},"south":{"uv":[9.375,10.125,9.625,12.125],"rotation":0,"texture":"#0","tintindex":0},"up":{"uv":[7.375,11.75,7.125,11.25],"rotation":0,"texture":"#0","tintindex":0},"west":{"uv":[1.125,8.625,1.625,10.625],"rotation":0,"texture":"#0","tintindex":0}}},{"name":"voxel","from":[2.5312066,3.1999998,-4.8472414],"to":[13.151207,14.0,-3.647241],"rotation":{"angle":0.0,"axis":"x","origin":[-102.4688,-19.600002,76.75276]},"faces":{"down":{"uv":[12.25,0.375,11.125,0.5],"rotation":0,"texture":"#0","tintindex":0},"east":{"uv":[1.875,11.25,2.0,12.375],"rotation":0,"texture":"#0","tintindex":0},"north":{"uv":[6.625,3.625,7.75,4.75],"rotation":0,"texture":"#0","tintindex":0},"south":{"uv":[7.0,2.25,8.125,3.375],"rotation":0,"texture":"#0","tintindex":0},"up":{"uv":[12.125,8.875,11.0,8.75],"rotation":0,"texture":"#0","tintindex":0},"west":{"uv":[5.625,11.25,5.75,12.375],"rotation":0,"texture":"#0","tintindex":0}}},{"name":"voxel","from":[3.7012064,-8.050001,-3.647241],"to":[12.011207,4.5200005,-2.4472408],"rotation":{"angle":0.0,"axis":"x","origin":[-102.4688,-19.600002,76.75276]},"faces":{"down":{"uv":[12.0,9.5,11.125,9.625],"rotation":0,"texture":"#0","tintindex":0},"east":{"uv":[1.5,10.625,1.625,11.9375],"rotation":0,"texture":"#0","tintindex":0},"north":{"uv":[7.0,7.5,7.875,8.8125],"rotation":0,"texture":"#0","tintindex":0},"south":{"uv":[7.625,0.0,8.5,1.3125],"rotation":0,"texture":"#0","tintindex":0},"up":{"uv":[6.25,5.125,5.375,5.0],"rotation":0,"texture":"#0","tintindex":0},"west":{"uv":[3.5,10.75,3.625,12.0625],"rotation":0,"texture":"#0","tintindex":0}}},{"name":"voxel","from":[3.671207,-12.400001,-2.4472408],"to":[11.921207,4.759999,-0.047240734],"rotation":{"angle":0.0,"axis":"x","origin":[-102.4688,-19.600002,76.75276]},"faces":{"down":{"uv":[12.0,6.875,11.125,7.125],"rotation":0,"texture":"#0","tintindex":0},"east":{"uv":[4.5,10.25,4.75,12.0625],"rotation":0,"texture":"#0","tintindex":0},"north":{"uv":[5.0,6.5,5.875,8.3125],"rotation":0,"texture":"#0","tintindex":0},"south":{"uv":[2.375,6.875,3.25,8.6875],"rotation":0,"texture":"#0","tintindex":0},"up":{"uv":[12.0,6.875,11.125,6.625],"rotation":0,"texture":"#0","tintindex":0},"west":{"uv":[4.75,10.25,5.0,12.0625],"rotation":0,"texture":"#0","tintindex":0}}},{"name":"voxel","from":[9.521208,0.7999997,-1.2772427],"to":[14.321207,5.6,3.5527582],"rotation":{"angle":0.0,"axis":"x","origin":[16.871208,-19.600002,76.75276]},"faces":{"down":{"uv":[5.5,10.875,5.0,11.375],"rotation":0,"texture":"#0","tintindex":0},"east":{"uv":[4.5,7.75,5.0,8.25],"rotation":0,"texture":"#0","tintindex":0},"north":{"uv":[0.625,7.0,1.125,7.5],"rotation":0,"texture":"#0","tintindex":0},"south":{"uv":[8.125,2.625,8.625,3.125],"rotation":0,"texture":"#0","tintindex":0},"up":{"uv":[11.375,3.125,10.875,2.625],"rotation":0,"texture":"#0","tintindex":0},"west":{"uv":[10.875,2.125,11.375,2.625],"rotation":0,"texture":"#0","tintindex":0}}},{"name":"voxel","from":[11.981207,-1.6000004,-2.4472408],"to":[14.351207,0.7999997,2.3227587],"rotation":{"angle":0.0,"axis":"x","origin":[16.871208,-19.600002,76.75276]},"faces":{"down":{"uv":[11.5,11.125,11.25,11.625],"rotation":0,"texture":"#0","tintindex":0},"east":{"uv":[8.125,3.125,8.625,3.375],"rotation":0,"texture":"#0","tintindex":0},"north":{"uv":[6.75,1.125,7.0,1.375],"rotation":0,"texture":"#0","tintindex":0},"south":{"uv":[10.375,1.375,10.625,1.625],"rotation":0,"texture":"#0","tintindex":0},"up":{"uv":[10.125,11.75,9.875,11.25],"rotation":0,"texture":"#0","tintindex":0},"west":{"uv":[11.25,10.875,11.75,11.125],"rotation":0,"texture":"#0",