{"textures":{"0":"modelengine:entity/orca"},"elements":[{"name":"cube","from":[8.525,7.1075,6.7749996],"to":[10.925,8.907499,9.174999],"rotation":{"angle":0.0,"axis":"x","origin":[5.225,12.807501,2.935]},"faces":{"down":{"uv":[7.0,12.75,6.5,13.25],"rotation":0,"texture":"#0","tintindex":0},"east":{"uv":[13.125,2.0,13.625,2.375],"rotation":0,"texture":"#0","tintindex":0},"north":{"uv":[13.125,0.625,13.625,1.0],"rotation":0,"texture":"#0","tintindex":0},"south":{"uv":[4.125,13.125,4.625,13.5],"rotation":0,"texture":"#0","tintindex":0},"up":{"uv":[3.375,13.25,2.875,12.75],"rotation":0,"texture":"#0","tintindex":0},"west":{"uv":[4.625,13.125,5.125,13.5],"rotation":0,"texture":"#0","tintindex":0}}},{"name":"cube","from":[10.925,7.1075,5.575],"to":[16.325,8.907499,9.174999],"rotation":{"angle":0.0,"axis":"x","origin":[5.225,12.807501,2.935]},"faces":{"down":{"uv":[12.625,6.25,11.5,7.0],"rotation":0,"texture":"#0","tintindex":0},"east":{"uv":[12.625,2.625,13.375,3.0],"rotation":0,"texture":"#0","tintindex":0},"north":{"uv":[12.375,4.625,13.5,5.0],"rotation":0,"texture":"#0","tintindex":0},"south":{"uv":[12.375,7.75,13.5,8.125],"rotation":0,"texture":"#0","tintindex":0},"up":{"uv":[12.625,3.875,11.5,3.125],"rotation":0,"texture":"#0","tintindex":0},"west":{"uv":[12.625,3.0,13.375,3.375],"rotation":0,"texture":"#0","tintindex":0}}},{"name":"cube","from":[15.575001,7.1375,7.375],"to":[18.125,8.8325,9.924999],"rotation":{"angle":-45.0,"axis":"y","origin":[18.125,8.0075,7.375]},"faces":{"down":{"uv":[13.0625,0.0,12.5,0.5625],"rotation":0,"texture":"#0","tintindex":0},"east":{"uv":[12.875,9.875,13.4375,10.25],"rotation":0,"texture":"#0","tintindex":0},"north":{"uv":[9.25,12.875,9.8125,13.25],"rotation":0,"texture":"#0","tintindex":0},"south":{"uv":[12.875,10.25,13.4375,10.625],"rotation":0,"texture":"#0","tintindex":0},"up":{"uv":[12.9375,12.8125,12.375,12.25],"rotation":0,"texture":"#0","tintindex":0},"west":{"uv":[12.125,12.875,12.6875,13.25],"rotation":0,"texture":"#0","tintindex":0}}}],"display":{"head":{"translation":[0.0,-6.4,0.0],"rotation":[0.0,0.0,0.0],"scale":[3.8095,3.8095,3.8095]}}}