{"textures":{"0":"modelengine:entity/crocodilegray"},"elements":[{"name":"voxel","from":[4.7782607,9.881819,-7.0],"to":[11.378262,11.681819,-1.000001],"rotation":{"angle":0.0,"axis":"x","origin":[17.378262,6.2818184,44.600002]},"faces":{"down":{"uv":[7.875,7.5,6.5,8.75],"rotation":180,"texture":"#0","tintindex":0},"east":{"uv":[8.375,7.0,9.625,7.375],"rotation":0,"texture":"#0","tintindex":0},"north":{"uv":[8.375,4.75,9.75,5.125],"rotation":0,"texture":"#0","tintindex":0},"south":{"uv":[1.375,8.25,2.75,8.625],"rotation":0,"texture":"#0","tintindex":0},"up":{"uv":[2.75,8.25,1.375,7.0],"rotation":180,"texture":"#0","tintindex":0},"west":{"uv":[8.375,6.625,9.625,7.0],"rotation":0,"texture":"#0","tintindex":0}}},{"name":"voxel","from":[8.978261,11.681819,-5.200001],"to":[11.378262,12.881819,-1.6000013],"rotation":{"angle":0.0,"axis":"x","origin":[17.378262,6.2818184,44.600002]},"faces":{"down":{"uv":[7.375,9.5,6.875,10.25],"rotation":180,"texture":"#0","tintindex":0},"east":{"uv":[10.125,0.25,10.875,0.5],"rotation":0,"texture":"#0","tintindex":0},"north":{"uv":[10.875,0.0,11.375,0.25],"rotation":0,"texture":"#0","tintindex":0},"south":{"uv":[10.75,10.75,11.25,11.0],"rotation":0,"texture":"#0","tintindex":0},"up":{"uv":[6.875,10.25,6.375,9.5],"rotation":180,"texture":"#0","tintindex":0},"west":{"uv":[10.125,0.0,10.875,0.25],"rotation":0,"texture":"#0","tintindex":0}}},{"name":"voxel","from":[4.7782607,11.681819,-5.200001],"to":[7.178261,12.881819,-1.6000013],"rotation":{"angle":0.0,"axis":"x","origin":[17.378262,6.2818184,44.600002]},"faces":{"down":{"uv":[2.75,9.375,2.25,10.125],"rotation":180,"texture":"#0","tintindex":0},"east":{"uv":[5.0,10.0,5.75,10.25],"rotation":0,"texture":"#0","tintindex":0},"north":{"uv":[10.75,10.5,11.25,10.75],"rotation":0,"texture":"#0","tintindex":0},"south":{"uv":[10.625,4.5,11.125,4.75],"rotation":0,"texture":"#0","tintindex":0},"up":{"uv":[2.75,9.375,2.25,8.625],"rotation":180,"texture":"#0","tintindex":0},"west":{"uv":[9.875,2.5,10.625,2.75],"rotation":0,"texture":"#0","tintindex":0}}},{"name":"voxel","from":[5.978261,9.881819,-9.099998],"to":[6.578261,11.081819,-3.7000008],"rotation":{"angle":0.0,"axis":"x","origin":[17.378262,6.2818184,44.600002]},"faces":{"down":{"uv":[5.625,10.75,5.5,11.875],"rotation":180,"texture":"#0","tintindex":0},"east":{"uv":[9.75,8.125,10.875,8.375],"rotation":0,"texture":"#0","tintindex":0},"north":{"uv":[8.25,11.0,8.375,11.25],"rotation":0,"texture":"#0","tintindex":0},"south":{"uv":[8.125,11.0,8.25,11.25],"rotation":0,"texture":"#0","tintindex":0},"up":{"uv":[5.5,11.875,5.375,10.75],"rotation":180,"texture":"#0","tintindex":0},"west":{"uv":[9.75,7.875,10.875,8.125],"rotation":0,"texture":"#0","tintindex":0}}},{"name":"voxel","from":[7.778261,9.881819,-9.099998],"to":[8.378262,11.081819,-3.7000008],"rotation":{"angle":0.0,"axis":"x","origin":[17.378262,6.2818184,44.600002]},"faces":{"down":{"uv":[5.125,10.75,5.0,11.875],"rotation":180,"texture":"#0","tintindex":0},"east":{"uv":[9.75,6.25,10.875,6.5],"rotation":0,"texture":"#0","tintindex":0},"north":{"uv":[5.875,11.0,6.0,11.25],"rotation":0,"texture":"#0","tintindex":0},"south":{"uv":[5.75,11.0,5.875,11.25],"rotation":0,"texture":"#0","tintindex":0},"up":{"uv":[4.0,11.875,3.875,10.75],"rotation":180,"texture":"#0","tintindex":0},"west":{"uv":[9.75,6.0,10.875,6.25],"rotation":0,"texture":"#0","tintindex":0}}},{"name":"voxel","from":[9.57826,9.881819,-9.099998],"to":[10.178261,11.081819,-3.7000008],"rotation":{"angle":0.0,"axis":"x","origin":[17.378262,6.2818184,44.600002]},"faces":{"down":{"uv":[3.625,10.75,3.5,11.875],"rotation":180,"texture":"#0","tintindex":0},"east":{"uv":[9.75,5.25,10.875,5.5],"rotation":0,"texture":"#0","tintindex":0},"north":{"uv":[4.375,11.0,4.5,11.25],"rotation":0,"texture":"#0","tintindex":0},"south":{"uv":[11.0,4.25,11.125,4.5],"rotation":0,"texture":"#0","tintindex":0},"up":{"uv":[3.5,11.875,3.375,10.75],"rotation":180,"texture":"#0","tintindex":0},"west":{"uv":[5.125,9.75,6.25,10.0],"rotation":0,"texture":"#0","tintindex":0}}},{"name":"voxel","from":[4.7782607,8.081819,-16.0],"to":[11.378262,9.881819,-1.000001],"rotation":{"angle":0.0,"axis":"x","origin":[8.07826,8.381819,-8.5]},"faces":{"down":{"uv":[6.5,2.75,5.125,5.875],"rotation":180,"texture":"#0","tintindex":0},"east":{"uv":[7.625,1.375,10.75,1.75],"rotation":0,"texture":"#0","tintindex":0},"north":{"uv":[8.375,5.5,9.75,5.875],"rotation":0,"texture":"#0","tintindex":0},"south":{"uv":[8.375,5.125,9.75,5.5],"rotation":0,"texture":"#0","tintindex":0},"up":{"uv":[2.75,7.0,1.375,3.875],"rotation":180,"texture":"#0","tintindex":0},"west":{"uv":[7.625,1.0,10.75,1.375],"rotation":0,"texture":"#0","tintindex":0}}},{"name":"voxel","from":[9.57826,9.881819,-15.400002],"to":[10.178261,11.081819,-10.0],"rotation":{"angle":0.0,"axis":"x","origin":[17.378262,6.2818184,44.600002]},"faces":{"down":{"uv":[3.375,10.75,3.25,11.875],"rotation":180,"texture":"#0","tintindex":0},"east":{"uv":[9.75,5.0,10.875,5.25],"rotation":0,"texture":"#0","tintindex":0},"north":{"uv":[4.25,11.0,4.375,11.25],"rotation":0,"texture":"#0","tintindex":0},"south":{"uv":[4.125,11.0,4.25,11.25],"rotation":0,"texture":"#0","tintindex":0},"up":{"uv":[3.25,11.875,3.125,10.75],"rotation":180,"texture":"#0","tintindex":0},"west":{"uv":[9.75,4.75,10.875,5.0],"rotation":0,"texture":"#0","tintindex":0}}},{"name":"voxel","from":[7.778261,9.881819,-15.400002],"to":[8.378262,11.081819,-10.0],"rotation":{"angle":0.0,"axis":"x","origin":[17.378262,6.2818184,44.600002]},"faces":{"down":{"uv":[3.875,10.75,3.75,11.875],"rotation":180,"texture":"#0","tintindex":0},"east":{"uv":[9.75,5.75,10.875,6.0],"rotation":0,"texture":"#0","tintindex":0},"north":{"uv":[4.625,11.0,4.75,11.25],"rotation":0,"texture":"#0","tintindex":0},"south":{"uv":[4.5,11.0,4.625,11.25],"rotation":0,"texture":"#0","tintindex":0},"up":{"uv":[3.75,11.875,3.625,10.75],"rotation":180,"texture":"#0","tintindex":0},"west":{"uv":[9.75,5.5,10.875,5.75],"rotation":0,"texture":"#0","tintindex":0}}},{"name":"voxel","from":[5.978261,9.881819,-15.400002],"to":[6.578261,11.081819,-10.0],"rotation":{"angle":0.0,"axis":"x","origin":[17.378262,6.2818184,44.600002]},"faces":{"down":{"uv":[5.375,10.75,5.25,11.875],"rotation":180,"texture":"#0","tintindex":0},"east":{"uv":[9.75,7.625,10.875,7.875],"rotation":0,"texture":"#0","tintindex":0},"north":{"uv":[8.0,11.0,8.125,11.25],"rotation":0,"texture":"#0","tintindex":0},"south":{"uv":[6.0,11.0,6.125,11.25],"rotation":0,"texture":"#0","tintindex":0},"up":{"uv":[5.25,11.875,5.125,10.75],"rotation":180,"texture":"#0","tintindex":0},"west":{"uv":[9.75,7.375,10.875,7.625],"rotation":0,"texture":"#0","tintindex":0}}}],"display":{"head":{"translation":[0.0,-6.4,-46.769962],"rotation":[0.0,0.0,0.0],"scale":[3.8095,3.8095,3.8095]}}}