{"textures":{"0":"modelengine:entity/crocodilegray"},"elements":[{"name":"voxel","from":[4.1391306,11.860869,-2.9956532],"to":[5.3391304,13.66087,2.4043477],"rotation":{"angle":0.0,"axis":"x","origin":[17.33913,5.2608695,42.604355]},"faces":{"down":{"uv":[3.75,5.0,3.5,6.125],"rotation":180,"texture":"#0","tintindex":0},"east":{"uv":[1.125,8.625,2.25,9.0],"rotation":0,"texture":"#0","tintindex":0},"north":{"uv":[6.625,10.75,6.875,11.125],"rotation":0,"texture":"#0","tintindex":0},"south":{"uv":[3.5,6.125,3.75,6.5],"rotation":0,"texture":"#0","tintindex":0},"up":{"uv":[3.75,5.0,3.5,3.875],"rotation":180,"texture":"#0","tintindex":0},"west":{"uv":[0.0,8.625,1.125,9.0],"rotation":0,"texture":"#0","tintindex":0}}},{"name":"voxel","from":[4.1391306,11.860869,3.6043477],"to":[5.3391304,13.66087,9.004348],"rotation":{"angle":0.0,"axis":"x","origin":[17.33913,5.2608695,42.604355]},"faces":{"down":{"uv":[5.125,7.625,4.875,8.75],"rotation":180,"texture":"#0","tintindex":0},"east":{"uv":[7.625,8.75,8.75,9.125],"rotation":0,"texture":"#0","tintindex":0},"north":{"uv":[10.875,5.375,11.125,5.75],"rotation":0,"texture":"#0","tintindex":0},"south":{"uv":[10.875,5.0,11.125,5.375],"rotation":0,"texture":"#0","tintindex":0},"up":{"uv":[5.125,7.625,4.875,6.5],"rotation":180,"texture":"#0","tintindex":0},"west":{"uv":[6.5,8.75,7.625,9.125],"rotation":0,"texture":"#0","tintindex":0}}},{"name":"voxel","from":[4.1391306,11.860869,10.204348],"to":[5.3391304,13.66087,15.604347],"rotation":{"angle":0.0,"axis":"x","origin":[17.33913,5.2608695,42.604355]},"faces":{"down":{"uv":[7.875,9.5,7.625,10.625],"rotation":180,"texture":"#0","tintindex":0},"east":{"uv":[0.0,9.0,1.125,9.375],"rotation":0,"texture":"#0","tintindex":0},"north":{"uv":[10.875,6.125,11.125,6.5],"rotation":0,"texture":"#0","tintindex":0},"south":{"uv":[10.875,5.75,11.125,6.125],"rotation":0,"texture":"#0","tintindex":0},"up":{"uv":[7.625,10.625,7.375,9.5],"rotation":180,"texture":"#0","tintindex":0},"west":{"uv":[8.75,8.75,9.875,9.125],"rotation":0,"texture":"#0","tintindex":0}}},{"name":"voxel","from":[10.739131,11.860869,10.204348],"to":[11.939131,13.66087,15.604347],"rotation":{"angle":0.0,"axis":"x","origin":[17.33913,5.2608695,42.604355]},"faces":{"down":{"uv":[8.375,9.5,8.125,10.625],"rotation":180,"texture":"#0","tintindex":0},"east":{"uv":[9.0,0.375,10.125,0.75],"rotation":0,"texture":"#0","tintindex":0},"north":{"uv":[10.875,7.625,11.125,8.0],"rotation":0,"texture":"#0","tintindex":0},"south":{"uv":[10.875,7.25,11.125,7.625],"rotation":0,"texture":"#0","tintindex":0},"up":{"uv":[8.125,10.625,7.875,9.5],"rotation":180,"texture":"#0","tintindex":0},"west":{"uv":[9.0,0.0,10.125,0.375],"rotation":0,"texture":"#0","tintindex":0}}},{"name":"voxel","from":[10.739131,11.860869,3.6043477],"to":[11.939131,13.66087,9.004348],"rotation":{"angle":0.0,"axis":"x","origin":[17.33913,5.2608695,42.604355]},"faces":{"down":{"uv":[8.875,9.5,8.625,10.625],"rotation":180,"texture":"#0","tintindex":0},"east":{"uv":[4.125,9.0,5.25,9.375],"rotation":0,"texture":"#0","tintindex":0},"north":{"uv":[10.875,9.0,11.125,9.375],"rotation":0,"texture":"#0","tintindex":0},"south":{"uv":[10.875,8.0,11.125,8.375],"rotation":0,"texture":"#0","tintindex":0},"up":{"uv":[8.625,10.625,8.375,9.5],"rotation":180,"texture":"#0","tintindex":0},"west":{"uv":[1.125,9.0,2.25,9.375],"rotation":0,"texture":"#0","tintindex":0}}},{"name":"voxel","from":[10.739131,11.860869,-2.9956532],"to":[11.939131,13.66087,2.4043477],"rotation":{"angle":0.0,"axis":"x","origin":[17.33913,5.2608695,42.604355]},"faces":{"down":{"uv":[9.375,9.5,9.125,10.625],"rotation":180,"texture":"#0","tintindex":0},"east":{"uv":[6.375,9.125,7.5,9.5],"rotation":0,"texture":"#0","tintindex":0},"north":{"uv":[10.375,10.875,10.625,11.25],"rotation":0,"texture":"#0","tintindex":0},"south":{"uv":[10.125,10.875,10.375,11.25],"rotation":0,"texture":"#0","tintindex":0},"up":{"uv":[9.125,10.625,8.875,9.5],"rotation":180,"texture":"#0","tintindex":0},"west":{"uv":[5.25,9.0,6.375,9.375],"rotation":0,"texture":"#0","tintindex":0}}},{"name":"voxel","from":[7.1391306,11.860869,10.204348],"to":[8.33913,13.66087,15.604347],"rotation":{"angle":0.0,"axis":"x","origin":[17.33913,5.2608695,42.604355]},"faces":{"down":{"uv":[3.0,9.625,2.75,10.75],"rotation":180,"texture":"#0","tintindex":0},"east":{"uv":[8.625,9.125,9.75,9.5],"rotation":0,"texture":"#0","tintindex":0},"north":{"uv":[0.25,11.0,0.5,11.375],"rotation":0,"texture":"#0","tintindex":0},"south":{"uv":[0.0,11.0,0.25,11.375],"rotation":0,"texture":"#0","tintindex":0},"up":{"uv":[9.625,10.625,9.375,9.5],"rotation":180,"texture":"#0","tintindex":0},"west":{"uv":[7.5,9.125,8.625,9.5],"rotation":0,"texture":"#0","tintindex":0}}},{"name":"voxel","from":[7.1391306,11.860869,3.6043477],"to":[8.33913,13.66087,9.004348],"rotation":{"angle":0.0,"axis":"x","origin":[17.33913,5.2608695,42.604355]},"faces":{"down":{"uv":[3.5,9.625,3.25,10.75],"rotation":180,"texture":"#0","tintindex":0},"east":{"uv":[1.125,9.375,2.25,9.75],"rotation":0,"texture":"#0","tintindex":0},"north":{"uv":[0.75,11.0,1.0,11.375],"rotation":0,"texture":"#0","tintindex":0},"south":{"uv":[0.5,11.0,0.75,11.375],"rotation":0,"texture":"#0","tintindex":0},"up":{"uv":[3.25,10.75,3.0,9.625],"rotation":180,"texture":"#0","tintindex":0},"west":{"uv":[0.0,9.375,1.125,9.75],"rotation":0,"texture":"#0","tintindex":0}}},{"name":"voxel","from":[7.1391306,11.860869,-2.9956532],"to":[8.33913,13.66087,2.4043477],"rotation":{"angle":0.0,"axis":"x","origin":[17.33913,5.2608695,42.604355]},"faces":{"down":{"uv":[4.0,9.625,3.75,10.75],"rotation":180,"texture":"#0","tintindex":0},"east":{"uv":[5.25,9.375,6.375,9.75],"rotation":0,"texture":"#0","tintindex":0},"north":{"uv":[1.25,11.0,1.5,11.375],"rotation":0,"texture":"#0","tintindex":0},"south":{"uv":[1.0,11.0,1.25,11.375],"rotation":0,"texture":"#0","tintindex":0},"up":{"uv":[3.75,10.75,3.5,9.625],"rotation":180,"texture":"#0","tintindex":0},"west":{"uv":[4.125,9.375,5.25,9.75],"rotation":0,"texture":"#0","tintindex":0}}},{"name":"voxel","from":[3.5391302,5.2608695,-2.9956532],"to":[12.539131,11.860869,15.604347],"rotation":{"angle":0.0,"axis":"x","origin":[17.33913,5.2608695,42.604355]},"faces":{"down":{"uv":[3.75,0.0,1.875,3.875],"rotation":180,"texture":"#0","tintindex":0},"east":{"uv":[3.75,1.375,7.625,2.75],"rotation":0,"texture":"#0","tintindex":0},"north":{"uv":[6.5,6.125,8.375,7.5],"rotation":0,"texture":"#0","tintindex":0},"south":{"uv":[6.5,4.75,8.375,6.125],"rotation":0,"texture":"#0","tintindex":0},"up":{"uv":[1.875,3.875,0.0,0.0],"rotation":180,"texture":"#0","tintindex":0},"west":{"uv":[3.75,0.0,7.625,1.375],"rotation":0,"texture":"#0","tintindex":0}}}],"display":{"head":{"translation":[0.0,-6.4,0.0],"rotation":[0.0,0.0,0.0],"scale":[3.8095,3.8095,3.8095]}}}