{"textures":{"0":"modelengine:entity/giraffe"},"elements":[{"name":"rightarm","from":[5.8625,-3.880001,5.2700005],"to":[10.137501,7.8799996,10.730001],"rotation":{"angle":0.0,"axis":"x","origin":[2.5175,8.825,20.720001]},"faces":{"down":{"uv":[5.25,7.125,5.6953125,8.35],"rotation":0,"texture":"#0","tintindex":0},"east":{"uv":[5.25,7.125,5.6953125,8.35],"rotation":0,"texture":"#0","tintindex":0},"north":{"uv":[5.25,7.125,5.6953125,8.35],"rotation":0,"texture":"#0","tintindex":0},"south":{"uv":[5.25,7.125,5.6953125,8.35],"rotation":0,"texture":"#0","tintindex":0},"up":{"uv":[5.25,7.125,5.6953125,8.35],"rotation":0,"texture":"#0","tintindex":0},"west":{"uv":[5.25,7.125,5.6953125,8.35],"rotation":0,"texture":"#0","tintindex":0}}}],"display":{"head":{"translation":[0.0,-6.4,0.0],"rotation":[0.0,0.0,0.0],"scale":[3.8095,3.8095,3.8095]}}}