{"textures":{"0":"modelengine:entity/giraffe"},"elements":[{"name":"rightarm","from":[5.9449997,-3.505001,5.1499996],"to":[10.219999,8.254999,10.610001],"rotation":{"angle":0.0,"axis":"x","origin":[2.6,9.2,20.600002]},"faces":{"down":{"uv":[5.25,7.125,5.6953125,8.35],"rotation":0,"texture":"#0","tintindex":0},"east":{"uv":[5.25,7.125,5.6953125,8.35],"rotation":0,"texture":"#0","tintindex":0},"north":{"uv":[5.25,7.125,5.6953125,8.35],"rotation":0,"texture":"#0","tintindex":0},"south":{"uv":[5.25,7.125,5.6953125,8.35],"rotation":0,"texture":"#0","tintindex":0},"up":{"uv":[5.25,7.125,5.6953125,8.35],"rotation":0,"texture":"#0","tintindex":0},"west":{"uv":[5.25,7.125,5.6953125,8.35],"rotation":0,"texture":"#0","tintindex":0}}}],"display":{"head":{"translation":[0.0,-6.4,0.0],"rotation":[0.0,0.0,0.0],"scale":[3.8095,3.8095,3.8095]}}}