{"textures":{"0":"modelengine:entity/giraffe"},"elements":[{"name":"h_head","from":[4.98625,4.508751,7.7349997],"to":[10.971251,11.558751,14.65],"rotation":{"angle":0.0,"axis":"x","origin":[7.97875,-2.1062503,2.2074995]},"faces":{"down":{"uv":[10.875,2.75,10.25,3.46875],"rotation":0,"texture":"#0","tintindex":0},"east":{"uv":[12.125,1.0,12.875,1.625],"rotation":0,"texture":"#0","tintindex":0},"north":{"uv":[5.625,6.5,6.25,7.25],"rotation":0,"texture":"#0","tintindex":0},"south":{"uv":[8.75,0.125,9.375,0.875],"rotation":0,"texture":"#0","tintindex":0},"up":{"uv":[11.0,3.09375,10.375,2.375],"rotation":0,"texture":"#0","tintindex":0},"west":{"uv":[10.625,1.0,11.375,1.625],"rotation":0,"texture":"#0","tintindex":0}}},{"name":"h_head","from":[5.3912497,5.6037493,13.315001],"to":[10.67125,7.988753,18.460001],"rotation":{"angle":0.0,"axis":"x","origin":[8.03125,-3.3437505,6.9025]},"faces":{"down":{"uv":[11.1875,6.875,10.625,7.40625],"rotation":0,"texture":"#0","tintindex":0},"east":{"uv":[8.75,1.0,9.28125,1.25],"rotation":0,"texture":"#0","tintindex":0},"north":{"uv":[4.875,2.5,5.4375,2.75],"rotation":0,"texture":"#0","tintindex":0},"south":{"uv":[8.625,1.0,9.1875,1.25],"rotation":0,"texture":"#0","tintindex":0},"up":{"uv":[9.1875,1.15625,8.625,0.625],"rotation":0,"texture":"#0","tintindex":0},"west":{"uv":[8.875,1.0,9.40625,1.25],"rotation":0,"texture":"#0","tintindex":0}}},{"name":"h_head","from":[9.831251,10.043751,10.599999],"to":[12.2612505,12.428749,11.665],"rotation":{"angle":0.0,"axis":"x","origin":[11.04625,1.0962505,2.147499]},"faces":{"down":{"uv":[9.75,2.25,9.5,2.375],"rotation":0,"texture":"#0","tintindex":0},"east":{"uv":[12.375,2.875,12.5,3.125],"rotation":0,"texture":"#0","tintindex":0},"north":{"uv":[12.0,3.125,12.25,3.375],"rotation":0,"texture":"#0","tintindex":0},"south":{"uv":[12.125,2.125,12.375,2.375],"rotation":0,"texture":"#0","tintindex":0},"up":{"uv":[12.125,3.125,11.875,3.0],"rotation":0,"texture":"#0","tintindex":0},"west":{"uv":[6.125,3.5,6.25,3.75],"rotation":0,"texture":"#0","tintindex":0}}},{"name":"h_head","from":[8.49625,10.043751,7.7949996],"to":[9.66625,15.053749,8.86],"rotation":{"angle":0.0,"axis":"x","origin":[9.081249,2.4087508,-0.6575005]},"faces":{"down":{"uv":[7.4375,3.875,7.3125,4.0],"rotation":0,"texture":"#0","tintindex":0},"east":{"uv":[10.125,1.625,10.25,2.15625],"rotation":0,"texture":"#0","tintindex":0},"north":{"uv":[10.0,1.625,10.125,2.15625],"rotation":0,"texture":"#0","tintindex":0},"south":{"uv":[9.875,1.625,10.0,2.15625],"rotation":0,"texture":"#0","tintindex":0},"up":{"uv":[10.25,1.5,10.125,1.375],"rotation":0,"texture":"#0","tintindex":0},"west":{"uv":[10.0,1.625,10.125,2.15625],"rotation":0,"texture":"#0","tintindex":0}}},{"name":"h_head","from":[6.3512497,10.043751,7.7949996],"to":[7.5212502,15.053749,8.86],"rotation":{"angle":0.0,"axis":"x","origin":[6.9362497,2.4087508,-0.6575005]},"faces":{"down":{"uv":[7.4375,4.125,7.3125,4.25],"rotation":0,"texture":"#0","tintindex":0},"east":{"uv":[10.125,1.625,10.25,2.15625],"rotation":0,"texture":"#0","tintindex":0},"north":{"uv":[9.875,1.625,10.0,2.15625],"rotation":0,"texture":"#0","tintindex":0},"south":{"uv":[10.0,1.625,10.125,2.15625],"rotation":0,"texture":"#0","tintindex":0},"up":{"uv":[10.0,1.5,9.875,1.375],"rotation":0,"texture":"#0","tintindex":0},"west":{"uv":[10.125,1.625,10.25,2.15625],"rotation":0,"texture":"#0","tintindex":0}}},{"name":"h_head","from":[3.71125,10.043751,10.599999],"to":[6.1412497,12.428749,11.665],"rotation":{"angle":0.0,"axis":"x","origin":[4.92625,1.0962505,2.147499]},"faces":{"down":{"uv":[9.625,2.625,9.375,2.75],"rotation":0,"texture":"#0","tintindex":0},"east":{"uv":[6.125,3.75,6.25,4.0],"rotation":0,"texture":"#0","tintindex":0},"north":{"uv":[10.625,2.5,10.875,2.75],"rotation":0,"texture":"#0","tintindex":0},"south":{"uv":[10.125,2.875,10.375,3.125],"rotation":0,"texture":"#0","tintindex":0},"up":{"uv":[10.375,2.75,10.125,2.625],"rotation":0,"texture":"#0","tintindex":0},"west":{"uv":[11.0,2.125,11.125,2.375],"rotation":0,"texture":"#0","tintindex":0}}}],"display":{"head":{"translation":[0.0,-6.4,0.0],"rotation":[0.0,0.0,0.0],"scale":[3.8095,3.8095,3.8095]}}}