{"textures":{"0":"modelengine:entity/giraffe"},"elements":[{"name":"body","from":[0.057499647,13.0625,3.0274997],"to":[15.9425,23.217499,30.942501],"rotation":{"angle":0.0,"axis":"x","origin":[7.8125,3.1775007,18.7925]},"faces":{"down":{"uv":[5.90625,6.875,4.25,9.78125],"rotation":0,"texture":"#0","tintindex":0},"east":{"uv":[10.875,2.25,13.78125,3.3125],"rotation":0,"texture":"#0","tintindex":0},"north":{"uv":[4.25,6.5,5.90625,7.5625],"rotation":0,"texture":"#0","tintindex":0},"south":{"uv":[4.5,6.375,6.15625,7.4375],"rotation":0,"texture":"#0","tintindex":0},"up":{"uv":[11.03125,8.53125,9.375,5.625],"rotation":0,"texture":"#0","tintindex":0},"west":{"uv":[11.0,2.375,13.90625,3.4375],"rotation":0,"texture":"#0","tintindex":0}}},{"name":"tail","from":[5.6974998,8.793528,-4.8916006],"to":[8.6525,25.788528,-1.5466022],"rotation":{"angle":22.5,"axis":"x","origin":[7.175,4.484479,-7.6397486]},"faces":{"down":{"uv":[5.3125,7.375,5.0,7.71875],"rotation":0,"texture":"#0","tintindex":0},"east":{"uv":[4.25,6.5,4.59375,8.28125],"rotation":0,"texture":"#0","tintindex":0},"north":{"uv":[5.0,6.5,5.3125,8.28125],"rotation":0,"texture":"#0","tintindex":0},"south":{"uv":[5.3125,6.5,5.625,8.28125],"rotation":0,"texture":"#0","tintindex":0},"up":{"uv":[6.1875,3.09375,5.875,2.75],"rotation":0,"texture":"#0","tintindex":0},"west":{"uv":[4.625,6.5,4.96875,8.28125],"rotation":0,"texture":"#0","tintindex":0}}}],"display":{"head":{"translation":[0.0,-6.4,0.0],"rotation":[0.0,0.0,0.0],"scale":[3.8095,3.8095,3.8095]}}}