{"textures":{"0":"modelengine:entity/giraffe"},"elements":[{"name":"rightarm","from":[5.8625,-3.2800012,5.2700005],"to":[10.137501,8.48,10.730001],"rotation":{"angle":0.0,"axis":"x","origin":[13.482501,9.425,20.720001]},"faces":{"down":{"uv":[5.6953125,7.125,5.25,8.35],"rotation":0,"texture":"#0","tintindex":0},"east":{"uv":[5.6953125,7.125,5.25,8.35],"rotation":0,"texture":"#0","tintindex":0},"north":{"uv":[5.6953125,7.125,5.25,8.35],"rotation":0,"texture":"#0","tintindex":0},"south":{"uv":[5.6953125,7.125,5.25,8.35],"rotation":0,"texture":"#0","tintindex":0},"up":{"uv":[5.6953125,7.125,5.25,8.35],"rotation":0,"texture":"#0","tintindex":0},"west":{"uv":[5.6953125,7.125,5.25,8.35],"rotation":0,"texture":"#0","tintindex":0}}}],"display":{"head":{"translation":[0.0,-6.4,0.0],"rotation":[0.0,0.0,0.0],"scale":[3.8095,3.8095,3.8095]}}}