{"textures":{"0":"modelengine:entity/giraffe"},"elements":[{"name":"cube","from":[7.7599998,4.4299994,7.73],"to":[9.485001,7.625,19.055],"rotation":{"angle":0.0,"axis":"x","origin":[8.06,8.052502,0.7924998]},"faces":{"down":{"uv":[0.0,0.0,0.0625,1.1796875],"rotation":0,"texture":"#0","tintindex":0},"east":{"uv":[0.0,0.0,1.1796875,0.3328125],"rotation":0,"texture":"#0","tintindex":0},"north":{"uv":[0.0,0.0,0.0625,0.3328125],"rotation":0,"texture":"#0","tintindex":0},"south":{"uv":[0.0,0.0,0.0625,0.3328125],"rotation":0,"texture":"#0","tintindex":0},"up":{"uv":[0.0,0.0,0.0625,1.1796875],"rotation":0,"texture":"#0","tintindex":0},"west":{"uv":[3.875,9.5,4.0,9.625],"rotation":0,"texture":"#0","tintindex":0}}},{"name":"cube","from":[7.7599998,4.4299994,6.41],"to":[9.485001,6.0200005,11.12],"rotation":{"angle":0.0,"axis":"x","origin":[8.06,7.25,8.764999]},"faces":{"down":{"uv":[0.0,0.0,0.0625,0.490625],"rotation":0,"texture":"#0","tintindex":0},"east":{"uv":[0.0,0.0,0.490625,0.165625],"rotation":0,"texture":"#0","tintindex":0},"north":{"uv":[0.0,0.0,0.0625,0.165625],"rotation":0,"texture":"#0","tintindex":0},"south":{"uv":[0.0,0.0,0.0625,0.165625],"rotation":0,"texture":"#0","tintindex":0},"up":{"uv":[0.0,0.0,0.0625,0.490625],"rotation":0,"texture":"#0","tintindex":0},"west":{"uv":[3.875,9.5,4.0,9.625],"rotation":0,"texture":"#0","tintindex":0}}},{"name":"cube","from":[7.7599998,7.579998,9.98],"to":[9.485001,9.395,18.995],"rotation":{"angle":0.0,"axis":"x","origin":[8.06,10.512501,-0.5125003]},"faces":{"down":{"uv":[0.0,0.0,0.0625,0.9390625],"rotation":0,"texture":"#0","tintindex":0},"east":{"uv":[0.0,0.0,0.9390625,0.1890625],"rotation":0,"texture":"#0","tintindex":0},"north":{"uv":[0.0,0.0,0.0625,0.1890625],"rotation":0,"texture":"#0","tintindex":0},"south":{"uv":[0.0,0.0,0.0625,0.1890625],"rotation":0,"texture":"#0","tintindex":0},"up":{"uv":[0.0,0.0,0.0625,0.9390625],"rotation":0,"texture":"#0","tintindex":0},"west":{"uv":[3.875,9.5,4.0,9.625],"rotation":0,"texture":"#0","tintindex":0}}},{"name":"cube","from":[7.7599998,9.424999,12.98],"to":[9.485001,11.240002,19.145],"rotation":{"angle":0.0,"axis":"x","origin":[8.06,12.357498,-1.9375005]},"faces":{"down":{"uv":[0.0,0.0,0.0625,0.6421875],"rotation":0,"texture":"#0","tintindex":0},"east":{"uv":[0.0,0.0,0.6421875,0.1890625],"rotation":0,"texture":"#0","tintindex":0},"north":{"uv":[0.0,0.0,0.0625,0.1890625],"rotation":0,"texture":"#0","tintindex":0},"south":{"uv":[0.0,0.0,0.0625,0.1890625],"rotation":0,"texture":"#0","tintindex":0},"up":{"uv":[0.0,0.0,0.0625,0.6421875],"rotation":0,"texture":"#0","tintindex":0},"west":{"uv":[3.875,9.5,4.0,9.625],"rotation":0,"texture":"#0","tintindex":0}}},{"name":"cube","from":[7.7599998,11.240002,15.38],"to":[9.485001,17.735,18.77],"rotation":{"angle":0.0,"axis":"x","origin":[8.06,16.5125,-3.3250003]},"faces":{"down":{"uv":[0.0,0.0,0.0625,0.353125],"rotation":0,"texture":"#0","tintindex":0},"east":{"uv":[0.0,0.0,0.353125,0.6765625],"rotation":0,"texture":"#0","tintindex":0},"north":{"uv":[0.0,0.0,0.0625,0.6765625],"rotation":0,"texture":"#0","tintindex":0},"south":{"uv":[0.0,0.0,0.0625,0.6765625],"rotation":0,"texture":"#0","tintindex":0},"up":{"uv":[0.0,0.0,0.0625,0.353125],"rotation":0,"texture":"#0","tintindex":0},"west":{"uv":[3.875,9.5,4.0,9.625],"rotation":0,"texture":"#0","tintindex":0}}},{"name":"cube","from":[7.7599998,19.655003,15.98],"to":[9.485001,26.150002,18.470001],"rotation":{"angle":0.0,"axis":"x","origin":[8.06,22.9025,-3.7750006]},"faces":{"down":{"uv":[0.0,0.0,0.0625,0.259375],"rotation":0,"texture":"#0","tintindex":0},"east":{"uv":[0.0,0.0,0.259375,0.6765625],"rotation":0,"texture":"#0","tintindex":0},"north":{"uv":[0.0,0.0,0.0625,0.6765625],"rotation":0,"texture":"#0","tintindex":0},"south":{"uv":[0.0,0.0,0.0625,0.6765625],"rotation":0,"texture":"#0","tintindex":0},"up":{"uv":[0.0,0.0,0.0625,0.259375],"rotation":0,"texture":"#0","tintindex":0},"west":{"uv":[3.875,9.5,4.0,9.625],"rotation":0,"texture":"#0","tintindex":0}}},{"name":"cube","from":[7.7599998,25.505005,16.58],"to":[9.485001,32.0,18.74],"rotation":{"angle":0.0,"axis":"x","origin":[8.06,28.752502,-3.94]},"faces":{"down":{"uv":[0.0,0.0,0.0625,0.259375],"rotation":0,"texture":"#0","tintindex":0},"east":{"uv":[0.0,0.0,0.259375,0.6765625],"rotation":0,"texture":"#0","tintindex":0},"north":{"uv":[0.0,0.0,0.0625,0.6765625],"rotation":0,"texture":"#0","tintindex":0},"south":{"uv":[0.0,0.0,0.0625,0.6765625],"rotation":0,"texture":"#0","tintindex":0},"up":{"uv":[0.0,0.0,0.0625,0.259375],"rotation":0,"texture":"#0","tintindex":0},"west":{"uv":[3.875,9.5,4.0,9.625],"rotation":0,"texture":"#0","tintindex":0}}}],"display":{"head":{"translation":[0.0,32.296005,0.0],"rotation":[0.0,0.0,0.0],"scale":[3.8095,3.8095,3.8095]}}}