{"textures":{"0":"modelengine:entity/giraffe"},"elements":[{"name":"h_head","from":[6.473214,0.3821392,18.625572],"to":[10.448214,30.285713,22.52557],"rotation":{"angle":0.0,"axis":"x","origin":[7.9946427,-10.396431,11.146999]},"faces":{"down":{"uv":[11.21875,3.125,10.625,3.6875],"rotation":0,"texture":"#0","tintindex":0},"east":{"uv":[4.25,6.375,4.8125,10.75],"rotation":0,"texture":"#0","tintindex":0},"north":{"uv":[4.875,6.375,5.46875,10.75],"rotation":0,"texture":"#0","tintindex":0},"south":{"uv":[5.0,6.375,5.59375,10.75],"rotation":0,"texture":"#0","tintindex":0},"up":{"uv":[10.59375,2.6875,10.0,2.125],"rotation":0,"texture":"#0","tintindex":0},"west":{"uv":[5.0,6.25,5.5625,10.625],"rotation":0,"texture":"#0","tintindex":0}}},{"name":"h_head","from":[6.9017854,29.524994,19.482714],"to":[10.019642,32.0,23.382713],"rotation":{"angle":0.0,"axis":"x","origin":[7.9946427,-10.396431,11.146999]},"faces":{"down":{"uv":[4.875,6.375,5.4546876,6.7984376],"rotation":0,"texture":"#0","tintindex":0},"east":{"uv":[4.875,6.375,5.4546876,6.7984376],"rotation":0,"texture":"#0","tintindex":0},"north":{"uv":[4.875,6.375,5.4546876,6.7984376],"rotation":0,"texture":"#0","tintindex":0},"south":{"uv":[4.875,6.375,5.4546876,6.7984376],"rotation":0,"texture":"#0","tintindex":0},"up":{"uv":[4.875,6.375,5.4546876,6.7984376],"rotation":0,"texture":"#0","tintindex":0},"west":{"uv":[4.875,6.375,5.4546876,6.7984376],"rotation":0,"texture":"#0","tintindex":0}}},{"name":"tail","from":[6.483928,-10.42427,-5.770215],"to":[8.594643,-6.3421264,-3.38093],"rotation":{"angle":22.5,"axis":"x","origin":[7.5392857,-9.462875,-7.733177]},"faces":{"down":{"uv":[1.3125,10.0,1.0,10.34375],"rotation":0,"texture":"#0","tintindex":0},"east":{"uv":[0.625,9.875,1.25,10.375],"rotation":0,"texture":"#0","tintindex":0},"north":{"uv":[1.125,10.0,1.5,10.75],"rotation":0,"texture":"#0","tintindex":0},"south":{"uv":[1.375,9.75,1.75,10.25],"rotation":0,"texture":"#0","tintindex":0},"up":{"uv":[6.1875,3.09375,5.875,2.75],"rotation":0,"texture":"#0","tintindex":0},"west":{"uv":[0.125,9.75,0.625,10.5],"rotation":0,"texture":"#0","tintindex":0}}}],"display":{"head":{"translation":[0.0,10.491972,0.0],"rotation":[0.0,0.0,0.0],"scale":[3.7333333,3.7333333,3.7333333]}}}