{"textures":{"0":"modelengine:entity/jaguar"},"elements":[{"name":"cube","from":[5.51528,6.846054,1.2863479],"to":[10.346121,11.722255,7.1692877],"rotation":{"angle":0.0,"axis":"x","origin":[7.7606,1.4368743,6.219248]},"faces":{"down":{"uv":[3.1875,1.75,1.75,3.5],"rotation":0,"texture":"#0","tintindex":0},"east":{"uv":[0.0,0.0,1.75,1.4375],"rotation":0,"texture":"#0","tintindex":0},"north":{"uv":[1.25,3.5,2.6875,4.9375],"rotation":0,"texture":"#0","tintindex":0},"south":{"uv":[4.5,3.0,5.9375,4.4375],"rotation":0,"texture":"#0","tintindex":0},"up":{"uv":[3.1875,1.75,1.75,0.0],"rotation":0,"texture":"#0","tintindex":0},"west":{"uv":[0.0,1.5,1.75,2.9375],"rotation":0,"texture":"#0","tintindex":0}}},{"name":"cube","from":[5.95754,7.0728545,6.970208],"to":[9.96056,11.4727745,13.147987],"rotation":{"angle":0.0,"axis":"x","origin":[7.9590497,9.272814,8.799098]},"faces":{"down":{"uv":[4.4375,3.0,3.25,4.8125],"rotation":0,"texture":"#0","tintindex":0},"east":{"uv":[3.25,0.0,5.0625,1.3125],"rotation":0,"texture":"#0","tintindex":0},"north":{"uv":[1.25,5.0,2.4375,6.3125],"rotation":0,"texture":"#0","tintindex":0},"south":{"uv":[2.5,5.0,3.6875,6.3125],"rotation":0,"texture":"#0","tintindex":0},"up":{"uv":[1.1875,4.25,0.0,3.0],"rotation":0,"texture":"#0","tintindex":0},"west":{"uv":[3.25,1.5,5.0625,2.8125],"rotation":0,"texture":"#0","tintindex":0}}},{"name":"cube","from":[7.56026,7.282709,14.835113],"to":[8.54684,9.58095,15.746093],"rotation":{"angle":-22.5,"axis":"x","origin":[8.05355,7.8270288,14.685803]},"faces":{"down":{"uv":[5.0625,10.75,4.75,11.0],"rotation":0,"texture":"#0","tintindex":0},"east":{"uv":[1.75,8.0,2.0,8.6875],"rotation":0,"texture":"#0","tintindex":0},"north":{"uv":[1.0,10.5,1.3125,11.1875],"rotation":0,"texture":"#0","tintindex":0},"south":{"uv":[10.5,1.5,10.8125,2.1875],"rotation":0,"texture":"#0","tintindex":0},"up":{"uv":[11.0625,4.75,10.75,4.5],"rotation":0,"texture":"#0","tintindex":0},"west":{"uv":[7.0,8.5,7.25,9.1875],"rotation":0,"texture":"#0","tintindex":0}}},{"name":"h_head","from":[6.13898,7.1711655,1.399974],"to":[9.869841,10.890686,2.070294],"rotation":{"angle":-45.0,"axis":"x","origin":[7.9647202,8.690725,0.81722355]},"faces":{"down":{"uv":[11.625,9.5,10.5,9.6875],"rotation":0,"texture":"#0","tintindex":0},"east":{"uv":[5.5,7.25,5.6875,8.375],"rotation":0,"texture":"#0","tintindex":0},"north":{"uv":[5.25,0.0,6.375,1.125],"rotation":0,"texture":"#0","tintindex":0},"south":{"uv":[5.25,1.25,6.375,2.375],"rotation":0,"texture":"#0","tintindex":0},"up":{"uv":[11.625,3.1875,10.5,3.0],"rotation":0,"texture":"#0","tintindex":0},"west":{"uv":[3.0,7.5,3.1875,8.625],"rotation":0,"texture":"#0","tintindex":0}}},{"name":"h_head","from":[6.13898,10.018356,2.5239663],"to":[9.869841,13.737876,4.2022862],"rotation":{"angle":-45.0,"axis":"x","origin":[8.00441,11.878117,3.3631258]},"faces":{"down":{"uv":[9.625,8.75,8.5,9.25],"rotation":0,"texture":"#0","tintindex":0},"east":{"uv":[4.75,8.75,5.25,9.875],"rotation":0,"texture":"#0","tintindex":0},"north":{"uv":[5.75,4.5,6.875,5.625],"rotation":0,"texture":"#0","tintindex":0},"south":{"uv":[5.75,5.75,6.875,6.875],"rotation":0,"texture":"#0","tintindex":0},"up":{"uv":[9.625,6.0,8.5,5.5],"rotation":0,"texture":"#0","tintindex":0},"west":{"uv":[8.0,8.75,8.5,9.875],"rotation":0,"texture":"#0","tintindex":0}}},{"name":"cube","from":[7.56026,5.4316583,14.962705],"to":[8.54684,7.7298985,15.873686],"rotation":{"angle":0.0,"axis":"x","origin":[8.05355,6.580778,15.838196]},"faces":{"down":{"uv":[11.0625,5.0,10.75,5.25],"rotation":0,"texture":"#0","tintindex":0},"east":{"uv":[5.25,8.75,5.5,9.4375],"rotation":0,"texture":"#0","tintindex":0},"north":{"uv":[10.5,2.25,10.8125,2.9375],"rotation":0,"texture":"#0","tintindex":0},"south":{"uv":[3.0,10.5,3.3125,11.1875],"rotation":0,"texture":"#0","tintindex":0},"up":{"uv":[11.0625,5.0,10.75,4.75],"rotation":0,"texture":"#0","tintindex":0},"west":{"uv":[1.5,9.25,1.75,9.9375],"rotation":0,"texture":"#0","tintindex":0}}},{"name":"cube","from":[7.56026,3.3960724,14.532177],"to":[8.54684,5.694312,15.443157],"rotation":{"angle":-22.5,"axis":"x","origin":[8.05355,6.645192,15.407667]},"faces":{"down":{"uv":[8.5625,10.75,8.25,11.0],"rotation":0,"texture":"#0","tintindex":0},"east":{"uv":[6.75,9.75,7.0,10.4375],"rotation":0,"texture":"#0","tintindex":0},"north":{"uv":[3.5,10.5,3.8125,11.1875],"rotation":0,"texture":"#0","tintindex":0},"south":{"uv":[4.0,10.5,4.3125,11.1875],"rotation":0,"texture":"#0","tintindex":0},"up":{"uv":[8.0625,11.0,7.75,10.75],"rotation":0,"texture":"#0","tintindex":0},"west":{"uv":[4.5,10.5,4.75,11.1875],"rotation":0,"texture":"#0","tintindex":0}}},{"name":"cube","from":[7.56026,1.6687706,16.521343],"to":[8.54684,3.967011,17.432323],"rotation":{"angle":-45.0,"axis":"x","origin":[8.05355,2.8178906,16.976835]},"faces":{"down":{"uv":[11.0625,8.75,10.75,9.0],"rotation":0,"texture":"#0","tintindex":0},"east":{"uv":[7.25,10.5,7.5,11.1875],"rotation":0,"texture":"#0","tintindex":0},"north":{"uv":[5.25,10.5,5.5625,11.1875],"rotation":0,"texture":"#0","tintindex":0},"south":{"uv":[10.5,5.25,10.8125,5.9375],"rotation":0,"texture":"#0","tintindex":0},"up":{"uv":[9.0625,11.0,8.75,10.75],"rotation":0,"texture":"#0","tintindex":0},"west":{"uv":[7.5,10.5,7.75,11.1875],"rotation":0,"texture":"#0","tintindex":0}}},{"name":"cube","from":[7.56026,6.652918,10.63289],"to":[8.49644,7.741558,12.97271],"rotation":{"angle":45.0,"axis":"x","origin":[8.01575,6.357238,16.532421]},"faces":{"down":{"uv":[2.0,10.75,1.75,11.4375],"rotation":0,"texture":"#0","tintindex":0},"east":{"uv":[5.75,10.5,6.4375,10.8125],"rotation":0,"texture":"#0","tintindex":0},"north":{"uv":[8.0,8.25,8.25,8.5625],"rotation":0,"texture":"#0","tintindex":0},"south":{"uv":[7.75,9.5,8.0,9.8125],"rotation":0,"texture":"#0","tintindex":0},"up":{"uv":[1.75,11.4375,1.5,10.75],"rotation":0,"texture":"#0","tintindex":0},"west":{"uv":[6.5,10.5,7.1875,10.8125],"rotation":0,"texture":"#0","tintindex":0}}}],"display":{"head":{"translation":[0.0,-6.4,0.0],"rotation":[0.0,0.0,0.0],"scale":[3.8095,3.8095,3.8095]}}}