{"textures":{"0":"modelengine:entity/jaguar"},"elements":[{"name":"h_head","from":[5.9890404,6.9130793,5.11439],"to":[10.18484,11.22228,8.30219],"rotation":{"angle":0.0,"axis":"x","origin":[8.086941,9.067679,6.2042894]},"faces":{"down":{"uv":[3.25,6.5,2.0,7.4375],"rotation":0,"texture":"#0","tintindex":0},"east":{"uv":[6.5,0.0,7.4375,1.3125],"rotation":0,"texture":"#0","tintindex":0},"north":{"uv":[4.5,4.5,5.75,5.8125],"rotation":0,"texture":"#0","tintindex":0},"south":{"uv":[0.0,5.0,1.25,6.3125],"rotation":0,"texture":"#0","tintindex":0},"up":{"uv":[1.25,0.9375,0.0,0.0],"rotation":0,"texture":"#0","tintindex":0},"west":{"uv":[1.0,6.5,1.9375,7.8125],"rotation":0,"texture":"#0","tintindex":0}}},{"name":"h_head","from":[6.99704,7.795079,2.9723895],"to":[9.17684,9.080279,5.1521897],"rotation":{"angle":0.0,"axis":"x","origin":[8.086941,9.067679,7.21229]},"faces":{"down":{"uv":[10.5,0.0,11.125,0.375],"rotation":0,"texture":"#0","tintindex":0},"east":{"uv":[10.5,0.0,11.125,0.375],"rotation":0,"texture":"#0","tintindex":0},"north":{"uv":[10.5,0.0,11.125,0.375],"rotation":0,"texture":"#0","tintindex":0},"south":{"uv":[10.5,0.0,11.125,0.375],"rotation":0,"texture":"#0","tintindex":0},"up":{"uv":[10.5,0.0,11.125,0.375],"rotation":0,"texture":"#0","tintindex":0},"west":{"uv":[10.5,0.0,11.125,0.375],"rotation":0,"texture":"#0","tintindex":0}}},{"name":"h_head","from":[7.0096397,7.164817,3.329889],"to":[9.16424,7.9460173,5.509689],"rotation":{"angle":0.0,"axis":"x","origin":[8.086941,7.177417,4.419789]},"faces":{"down":{"uv":[8.375,10.0,7.75,10.625],"rotation":0,"texture":"#0","tintindex":0},"east":{"uv":[10.75,3.25,11.375,3.5],"rotation":0,"texture":"#0","tintindex":0},"north":{"uv":[2.0,10.75,2.625,11.0],"rotation":0,"texture":"#0","tintindex":0},"south":{"uv":[10.75,3.5,11.375,3.75],"rotation":0,"texture":"#0","tintindex":0},"up":{"uv":[10.625,5.125,10.0,4.5],"rotation":0,"texture":"#0","tintindex":0},"west":{"uv":[10.75,3.75,11.375,4.0],"rotation":0,"texture":"#0","tintindex":0}}},{"name":"h_head","from":[7.0096397,7.7468605,4.2227983],"to":[9.16424,9.53606,7.2845984],"rotation":{"angle":-45.0,"axis":"x","origin":[8.086941,7.7594604,4.1786985]},"faces":{"down":{"uv":[4.625,8.75,4.0,9.6875],"rotation":0,"texture":"#0","tintindex":0},"east":{"uv":[6.0,3.75,6.9375,4.3125],"rotation":0,"texture":"#0","tintindex":0},"north":{"uv":[8.5,10.0,9.125,10.5625],"rotation":0,"texture":"#0","tintindex":0},"south":{"uv":[10.0,8.75,10.625,9.3125],"rotation":0,"texture":"#0","tintindex":0},"up":{"uv":[3.875,9.6875,3.25,8.75],"rotation":0,"texture":"#0","tintindex":0},"west":{"uv":[9.25,3.75,10.1875,4.3125],"rotation":0,"texture":"#0","tintindex":0}}},{"name":"h_head","from":[9.455905,9.393723,6.32903],"to":[10.862064,11.956562,6.6314297],"rotation":{"angle":-22.5,"axis":"z","origin":[9.707905,11.264823,6.4802294]},"faces":{"down":{"uv":[11.1875,9.25,10.75,9.3125],"rotation":0,"texture":"#0","tintindex":0},"east":{"uv":[2.75,10.75,2.8125,11.5],"rotation":0,"texture":"#0","tintindex":0},"north":{"uv":[10.0,9.5,10.4375,10.25],"rotation":0,"texture":"#0","tintindex":0},"south":{"uv":[0.0,10.25,0.4375,11.0],"rotation":0,"texture":"#0","tintindex":0},"up":{"uv":[11.1875,9.0625,10.75,9.0],"rotation":0,"texture":"#0","tintindex":0},"west":{"uv":[9.25,10.75,9.3125,11.5],"rotation":0,"texture":"#0","tintindex":0}}},{"name":"h_head","from":[5.3168545,9.393723,6.32903],"to":[6.723015,11.956562,6.6314297],"rotation":{"angle":22.5,"axis":"z","origin":[5.967015,11.264823,6.4802294]},"faces":{"down":{"uv":[0.4375,11.0,0.0,11.0625],"rotation":0,"texture":"#0","tintindex":0},"east":{"uv":[9.5,10.75,9.5625,11.5],"rotation":0,"texture":"#0","tintindex":0},"north":{"uv":[0.5,10.25,0.9375,11.0],"rotation":0,"texture":"#0","tintindex":0},"south":{"uv":[10.25,3.25,10.6875,4.0],"rotation":0,"texture":"#0","tintindex":0},"up":{"uv":[11.1875,10.8125,10.75,10.75],"rotation":0,"texture":"#0","tintindex":0},"west":{"uv":[10.5,10.75,10.5625,11.5],"rotation":0,"texture":"#0","tintindex":0}}}],"display":{"head":{"translation":[0.0,-6.4,0.0],"rotation":[0.0,0.0,0.0],"scale":[3.8095,3.8095,3.8095]}}}