{"textures":{"0":"modelengine:entity/blackbear"},"elements":[{"name":"cube","from":[4.9172,4.9819994,3.2347996],"to":[11.1332,10.525999,7.6028004],"rotation":{"angle":0.0,"axis":"x","origin":[8.1092,6.8299994,22.722801]},"faces":{"down":{"uv":[8.3125,4.5,7.125,5.3125],"rotation":0,"texture":"#0","tintindex":0},"east":{"uv":[0.0,7.125,0.8125,8.1875],"rotation":0,"texture":"#0","tintindex":0},"north":{"uv":[1.5,5.25,2.6875,6.3125],"rotation":0,"texture":"#0","tintindex":0},"south":{"uv":[2.75,5.25,3.9375,6.3125],"rotation":0,"texture":"#0","tintindex":0},"up":{"uv":[7.5625,4.4375,6.375,3.625],"rotation":0,"texture":"#0","tintindex":0},"west":{"uv":[7.25,1.125,8.0625,2.1875],"rotation":0,"texture":"#0","tintindex":0}}},{"name":"cube","from":[5.4212,10.8619995,3.9068],"to":[10.6292,11.198,7.6028004],"rotation":{"angle":0.0,"axis":"x","origin":[8.1092,6.8299994,22.722801]},"faces":{"down":{"uv":[8.125,8.0,7.125,8.6875],"rotation":0,"texture":"#0","tintindex":0},"east":{"uv":[0.0,10.375,0.6875,10.4375],"rotation":0,"texture":"#0","tintindex":0},"north":{"uv":[3.5,10.25,4.5,10.3125],"rotation":0,"texture":"#0","tintindex":0},"south":{"uv":[6.375,10.25,7.375,10.3125],"rotation":0,"texture":"#0","tintindex":0},"up":{"uv":[7.125,8.5625,6.125,7.875],"rotation":0,"texture":"#0","tintindex":0},"west":{"uv":[10.375,0.75,11.0625,0.8125],"rotation":0,"texture":"#0","tintindex":0}}},{"name":"cube","from":[5.2531996,10.525999,3.7387996],"to":[10.797201,10.8619995,7.6028004],"rotation":{"angle":0.0,"axis":"x","origin":[8.1092,6.8299994,22.722801]},"faces":{"down":{"uv":[8.5625,0.0,7.5,0.75],"rotation":0,"texture":"#0","tintindex":0},"east":{"uv":[0.0,10.25,0.75,10.3125],"rotation":0,"texture":"#0","tintindex":0},"north":{"uv":[10.125,9.625,11.1875,9.6875],"rotation":0,"texture":"#0","tintindex":0},"south":{"uv":[10.125,9.75,11.1875,9.8125],"rotation":0,"texture":"#0","tintindex":0},"up":{"uv":[8.3125,3.0,7.25,2.25],"rotation":0,"texture":"#0","tintindex":0},"west":{"uv":[5.5,10.25,6.25,10.3125],"rotation":0,"texture":"#0","tintindex":0}}},{"name":"cube","from":[9.621201,9.686,5.5867996],"to":[11.805201,12.542,6.2588005],"rotation":{"angle":-45.0,"axis":"z","origin":[10.7132,11.113999,5.922799]},"faces":{"down":{"uv":[9.9375,3.75,9.5,3.875],"rotation":0,"texture":"#0","tintindex":0},"east":{"uv":[10.125,8.375,10.25,8.9375],"rotation":0,"texture":"#0","tintindex":0},"north":{"uv":[4.625,10.0,5.0625,10.5625],"rotation":0,"texture":"#0","tintindex":0},"south":{"uv":[10.0,4.75,10.4375,5.3125],"rotation":0,"texture":"#0","tintindex":0},"up":{"uv":[9.9375,1.5,9.5,1.375],"rotation":0,"texture":"#0","tintindex":0},"west":{"uv":[10.125,9.0,10.25,9.5625],"rotation":0,"texture":"#0","tintindex":0}}},{"name":"cube","from":[4.2452,9.686,5.5867996],"to":[6.4292,12.542,6.2588005],"rotation":{"angle":45.0,"axis":"z","origin":[5.3372,11.113999,5.922799]},"faces":{"down":{"uv":[6.5625,7.75,6.125,7.875],"rotation":0,"texture":"#0","tintindex":0},"east":{"uv":[8.25,3.875,8.375,4.4375],"rotation":0,"texture":"#0","tintindex":0},"north":{"uv":[4.375,6.375,4.8125,6.9375],"rotation":0,"texture":"#0","tintindex":0},"south":{"uv":[6.125,7.0,6.5625,7.5625],"rotation":0,"texture":"#0","tintindex":0},"up":{"uv":[6.5625,7.75,6.125,7.625],"rotation":0,"texture":"#0","tintindex":0},"west":{"uv":[4.25,8.375,4.375,8.9375],"rotation":0,"texture":"#0","tintindex":0}}},{"name":"cube","from":[9.7892,9.854,6.2588005],"to":[11.6372,12.374,6.4268],"rotation":{"angle":-45.0,"axis":"z","origin":[10.7132,11.113999,6.3428]},"faces":{"down":{"uv":[6.375,1.375,6.0,1.4375],"rotation":0,"texture":"#0","tintindex":0},"east":{"uv":[6.0,8.125,6.0625,8.625],"rotation":0,"texture":"#0","tintindex":0},"north":{"uv":[5.625,8.125,6.0,8.625],"rotation":0,"texture":"#0","tintindex":0},"south":{"uv":[5.125,10.0,5.5,10.5],"rotation":0,"texture":"#0","tintindex":0},"up":{"uv":[1.875,5.1875,1.5,5.125],"rotation":0,"texture":"#0","tintindex":0},"west":{"uv":[1.625,10.25,1.6875,10.75],"rotation":0,"texture":"#0","tintindex":0}}},{"name":"cube","from":[4.4132,9.854,6.2588005],"to":[6.2612,12.374,6.4268],"rotation":{"angle":45.0,"axis":"z","origin":[5.3372,11.113999,6.3428]},"faces":{"down":{"uv":[3.875,9.875,3.5,9.9375],"rotation":0,"texture":"#0","tintindex":0},"east":{"uv":[1.75,10.25,1.8125,10.75],"rotation":0,"texture":"#0","tintindex":0},"north":{"uv":[10.0,5.875,10.375,6.375],"rotation":0,"texture":"#0","tintindex":0},"south":{"uv":[10.0,6.375,10.375,6.875],"rotation":0,"texture":"#0","tintindex":0},"up":{"uv":[7.5,7.9375,7.125,7.875],"rotation":0,"texture":"#0","tintindex":0},"west":{"uv":[1.875,10.25,1.9375,10.75],"rotation":0,"texture":"#0","tintindex":0}}},{"name":"cube","from":[5.4212,5.318,1.5547999],"to":[10.461201,8.6779995,3.2347996],"rotation":{"angle":0.0,"axis":"x","origin":[8.1092,6.8299994,22.722801]},"faces":{"down":{"uv":[10.1875,9.875,9.25,10.1875],"rotation":0,"texture":"#0","tintindex":0},"east":{"uv":[1.5,4.5,1.8125,5.125],"rotation":0,"texture":"#0","tintindex":0},"north":{"uv":[8.5,2.625,9.4375,3.25],"rotation":0,"texture":"#0","tintindex":0},"south":{"uv":[8.5,3.25,9.4375,3.875],"rotation":0,"texture":"#0","tintindex":0},"up":{"uv":[9.1875,10.1875,8.25,9.875],"rotation":0,"texture":"#0","tintindex":0},"west":{"uv":[7.25,3.0,7.5625,3.625],"rotation":0,"texture":"#0","tintindex":0}}},{"name":"cube","from":[5.7572002,5.318,0.37879944],"to":[10.1252,8.342,1.5547999],"rotation":{"angle":0.0,"axis":"x","origin":[8.1092,6.8299994,22.722801]},"faces":{"down":{"uv":[10.8125,5.625,10.0,5.875],"rotation":0,"texture":"#0","tintindex":0},"east":{"uv":[0.75,10.125,1.0,10.6875],"rotation":0,"texture":"#0","tintindex":0},"north":{"uv":[0.75,9.5,1.5625,10.0625],"rotation":0,"texture":"#0","tintindex":0},"south":{"uv":[9.5,0.75,10.3125,1.3125],"rotation":0,"texture":"#0","tintindex":0},"up":{"uv":[10.8125,5.625,10.0,5.375],"rotation":0,"texture":"#0","tintindex":0},"west":{"uv":[1.0,10.125,1.25,10.6875],"rotation":0,"texture":"#0","tintindex":0}}},{"name":"cube","from":[7.1012,6.998,0.04279971],"to":[8.7812,8.6779995,0.8827994],"rotation":{"angle":0.0,"axis":"x","origin":[8.1092,6.8299994,22.722801]},"faces":{"down":{"uv":[7.4375,5.375,7.125,5.5625],"rotation":0,"texture":"#0","tintindex":0},"east":{"uv":[8.125,1.875,8.3125,2.1875],"rotation":0,"texture":"#0","tintindex":0},"north":{"uv":[8.375,7.625,8.6875,7.9375],"rotation":0,"texture":"#0","tintindex":0},"south":{"uv":[8.75,1.5,9.0625,1.8125],"rotation":0,"texture":"#0","tintindex":0},"up":{"uv":[6.5625,5.8125,6.25,5.625],"rotation":0,"texture":"#0","tintindex":0},"west":{"uv":[7.875,8.75,8.0625,9.0625],"rotation":0,"texture":"#0","tintindex":0}}}],"display":{"head":{"translation":[0.0,-6.4,0.0],"rotation":[0.0,0.0,0.0],"scale":[3.8095,3.8095,3.8095]}}}