{"textures":{"0":"modelengine:entity/tiger"},"elements":[{"name":"cube","from":[5.042,4.9691124,0.0075569153],"to":[10.793001,10.774113,4.6110573],"rotation":{"angle":0.0,"axis":"x","origin":[7.715,-1.4703879,5.8800573]},"faces":{"down":{"uv":[7.25,5.625,5.25,7.25],"rotation":0,"texture":"#0","tintindex":0},"east":{"uv":[2.0,3.75,3.625,5.75],"rotation":0,"texture":"#0","tintindex":0},"north":{"uv":[0.0,3.75,2.0,5.75],"rotation":0,"texture":"#0","tintindex":0},"south":{"uv":[5.25,0.0,7.25,2.0],"rotation":0,"texture":"#0","tintindex":0},"up":{"uv":[7.25,5.625,5.25,4.0],"rotation":0,"texture":"#0","tintindex":0},"west":{"uv":[5.25,2.0,6.875,4.0],"rotation":0,"texture":"#0","tintindex":0}}},{"name":"h_head","from":[5.7845,5.3561497,-0.45717454],"to":[10.226,9.78415,0.94082546],"rotation":{"angle":-45.0,"axis":"x","origin":[7.9579997,7.1651497,-0.55092454]},"faces":{"down":{"uv":[13.4375,8.375,11.875,9.0625],"rotation":0,"texture":"#0","tintindex":0},"east":{"uv":[12.0,1.625,12.6875,3.1875],"rotation":0,"texture":"#0","tintindex":0},"north":{"uv":[6.875,7.375,8.4375,8.9375],"rotation":0,"texture":"#0","tintindex":0},"south":{"uv":[0.0,7.5,1.5625,9.0625],"rotation":0,"texture":"#0","tintindex":0},"up":{"uv":[13.3125,6.3125,11.75,5.625],"rotation":0,"texture":"#0","tintindex":0},"west":{"uv":[10.75,12.125,11.4375,13.6875],"rotation":0,"texture":"#0","tintindex":0}}},{"name":"h_head","from":[5.7845,5.49115,3.2763257],"to":[10.226,9.319151,4.6743255],"rotation":{"angle":-45.0,"axis":"x","origin":[7.9579997,7.1651497,-0.55092454]},"faces":{"down":{"uv":[13.5625,3.25,12.0,3.9375],"rotation":0,"texture":"#0","tintindex":0},"east":{"uv":[9.375,12.25,10.0625,13.8125],"rotation":0,"texture":"#0","tintindex":0},"north":{"uv":[1.625,7.5,3.1875,9.0625],"rotation":0,"texture":"#0","tintindex":0},"south":{"uv":[8.5,7.375,10.0625,8.9375],"rotation":0,"texture":"#0","tintindex":0},"up":{"uv":[13.4375,9.8125,11.875,9.125],"rotation":0,"texture":"#0","tintindex":0},"west":{"uv":[5.25,12.375,5.9375,13.9375],"rotation":0,"texture":"#0","tintindex":0}}},{"name":"cube","from":[5.5684996,5.239113,3.7740571],"to":[10.334,10.477113,14.128557],"rotation":{"angle":0.0,"axis":"x","origin":[7.95125,7.858113,8.951307]},"faces":{"down":{"uv":[5.25,3.625,3.625,7.25],"rotation":0,"texture":"#0","tintindex":0},"east":{"uv":[0.0,0.0,3.625,1.8125],"rotation":0,"texture":"#0","tintindex":0},"north":{"uv":[5.25,7.25,6.875,9.0625],"rotation":0,"texture":"#0","tintindex":0},"south":{"uv":[7.25,5.5,8.875,7.3125],"rotation":0,"texture":"#0","tintindex":0},"up":{"uv":[5.25,3.625,3.625,0.0],"rotation":0,"texture":"#0","tintindex":0},"west":{"uv":[0.0,1.875,3.625,3.6875],"rotation":0,"texture":"#0","tintindex":0}}},{"name":"cube","from":[7.4315,9.208113,14.142058],"to":[8.606,10.504112,16.666557],"rotation":{"angle":0.0,"axis":"x","origin":[7.715,-1.4703879,5.8800573]},"faces":{"down":{"uv":[5.1875,12.5,4.75,13.375],"rotation":0,"texture":"#0","tintindex":0},"east":{"uv":[10.125,8.375,11.0,8.8125],"rotation":0,"texture":"#0","tintindex":0},"north":{"uv":[2.625,10.25,3.0625,10.6875],"rotation":0,"texture":"#0","tintindex":0},"south":{"uv":[10.375,1.125,10.8125,1.5625],"rotation":0,"texture":"#0","tintindex":0},"up":{"uv":[9.8125,11.875,9.375,11.0],"rotation":0,"texture":"#0","tintindex":0},"west":{"uv":[0.0,13.75,0.875,14.1875],"rotation":0,"texture":"#0","tintindex":0}}},{"name":"cube","from":[7.4315,8.774397,16.322496],"to":[8.606,10.070396,18.846996],"rotation":{"angle":22.5,"axis":"x","origin":[8.01875,9.422397,17.584745]},"faces":{"down":{"uv":[7.3125,12.625,6.875,13.5],"rotation":0,"texture":"#0","tintindex":0},"east":{"uv":[13.875,2.0,14.75,2.4375],"rotation":0,"texture":"#0","tintindex":0},"north":{"uv":[11.0,9.875,11.4375,10.3125],"rotation":0,"texture":"#0","tintindex":0},"south":{"uv":[11.125,4.0,11.5625,4.4375],"rotation":0,"texture":"#0","tintindex":0},"up":{"uv":[9.3125,13.375,8.875,12.5],"rotation":0,"texture":"#0","tintindex":0},"west":{"uv":[8.875,13.875,9.75,14.3125],"rotation":0,"texture":"#0","tintindex":0}}},{"name":"cube","from":[7.4315,7.5392776,18.170982],"to":[8.606,8.835278,20.69548],"rotation":{"angle":45.0,"axis":"x","origin":[8.01875,8.187277,19.433231]},"faces":{"down":{"uv":[7.3125,13.5,6.875,14.375],"rotation":0,"texture":"#0","tintindex":0},"east":{"uv":[13.5,13.875,14.375,14.3125],"rotation":0,"texture":"#0","tintindex":0},"north":{"uv":[11.75,6.375,12.1875,6.8125],"rotation":0,"texture":"#0","tintindex":0},"south":{"uv":[12.5,7.875,12.9375,8.3125],"rotation":0,"texture":"#0","tintindex":0},"up":{"uv":[5.1875,14.25,4.75,13.375],"rotation":0,"texture":"#0","tintindex":0},"west":{"uv":[3.25,14.0,4.125,14.4375],"rotation":0,"texture":"#0","tintindex":0}}},{"name":"cube","from":[7.4315,6.1137915,19.406101],"to":[8.606,7.4097915,21.9306],"rotation":{"angle":45.0,"axis":"x","origin":[8.01875,6.338792,20.66835]},"faces":{"down":{"uv":[4.5625,14.0,4.125,14.875],"rotation":0,"texture":"#0","tintindex":0},"east":{"uv":[7.375,14.0,8.25,14.4375],"rotation":0,"texture":"#0","tintindex":0},"north":{"uv":[8.875,13.375,9.3125,13.8125],"rotation":0,"texture":"#0","tintindex":0},"south":{"uv":[10.25,14.25,10.6875,14.6875],"rotation":0,"texture":"#0","tintindex":0},"up":{"uv":[11.1875,14.625,10.75,13.75],"rotation":0,"texture":"#0","tintindex":0},"west":{"uv":[1.625,14.125,2.5,14.5625],"rotation":0,"texture":"#0","tintindex":0}}},{"name":"cube","from":[7.4315,3.5103533,21.279816],"to":[8.606,6.246353,22.364315],"rotation":{"angle":0.0,"axis":"x","origin":[8.01875,4.1583533,21.102066]},"faces":{"down":{"uv":[8.6875,14.0,8.25,14.875],"rotation":0,"texture":"#0","tintindex":0},"east":{"uv":[14.125,6.25,15.0,6.6875],"rotation":0,"texture":"#0","tintindex":0},"north":{"uv":[14.375,0.0,14.8125,0.4375],"rotation":0,"texture":"#0","tintindex":0},"south":{"uv":[14.375,0.5,14.8125,0.9375],"rotation":0,"texture":"#0","tintindex":0},"up":{"uv":[5.6875,14.875,5.25,14.0],"rotation":0,"texture":"#0","tintindex":0},"west":{"uv":[14.125,6.75,15.0,7.1875],"rotation":0,"texture":"#0","tintindex":0}}},{"name":"cube","from":[7.4315,0.8283529,21.279816],"to":[8.606,3.564353,22.364315],"rotation":{"angle":0.0,"axis":"x","origin":[8.01875,4.1583533,21.102066]},"faces":{"down":{"uv":[8.6875,14.0,8.25,14.875],"rotation":0,"texture":"#0","tintindex":0},"east":{"uv":[14.125,6.25,15.0,6.6875],"rotation":0,"texture":"#0","tintindex":0},"north":{"uv":[14.375,0.0,14.8125,0.4375],"rotation":0,"texture":"#0","tintindex":0},"south":{"uv":[14.375,0.5,14.8125,0.9375],"rotation":0,"texture":"#0","tintindex":0},"up":{"uv":[5.6875,14.875,5.25,14.0],"rotation":0,"texture":"#0","tintindex":0},"west":{"uv":[14.125,6.75,15.0,7.1875],"rotation":0,"texture":"#0","tintindex":0}}},{"name":"cube","from":[7.4315,-0.5185714,21.247654],"to":[8.606,0.7774286,24.033154],"rotation":{"angle":45.0,"axis":"x","origin":[8.01875,0.12942863,22.770905]},"faces":{"down":{"uv":[14.6875,9.75,14.25,10.625],"rotation":0,"texture":"#0","tintindex":0},"east":{"uv":[14.25,4.875,15.125,5.3125],"rotation":0,"texture":"#0","tintindex":0},"north":{"uv":[14.375,2.75,14.8125,3.1875],"rotation":0,"texture":"#0","tintindex":0},"south":{"uv":[14.375,3.25,14.8125,3.6875],"rotation":0,"texture":"#0","tintindex":0},"up":{"uv":[10.1875,15.125,9.75,14.25],"rotation":0,"texture":"#0","tintindex":0},"west":{"uv":[14.25,5.375,15.125,5.8125],"rotation":0,"texture":"#0","tintindex":0}}}],"display":{"head":{"translation":[0.0,-6.4,0.0],"rotation":[0.0,0.0,0.0],"scale":[3.8095,3.8095,3.8095]}}}