{"textures":{"0":"modelengine:entity/tiger"},"elements":[{"name":"cube","from":[6.9875,4.058369,6.6687565],"to":[9.0125,8.499869,9.368757],"rotation":{"angle":0.0,"axis":"x","origin":[10.1465,3.2078693,11.231757]},"faces":{"down":{"uv":[1.5625,13.625,0.875,14.5625],"rotation":0,"texture":"#0","tintindex":0},"east":{"uv":[10.75,10.5,11.6875,12.0625],"rotation":0,"texture":"#0","tintindex":0},"north":{"uv":[1.75,12.5,2.4375,14.0625],"rotation":0,"texture":"#0","tintindex":0},"south":{"uv":[2.5,12.5,3.1875,14.0625],"rotation":0,"texture":"#0","tintindex":0},"up":{"uv":[14.3125,0.9375,13.625,0.0],"rotation":0,"texture":"#0","tintindex":0},"west":{"uv":[6.375,11.0,7.3125,12.5625],"rotation":0,"texture":"#0","tintindex":0}}},{"name":"cube","from":[7.001,3.383369,5.1837564],"to":[8.999001,4.058369,9.328257],"rotation":{"angle":0.0,"axis":"x","origin":[10.133,1.7363691,13.6617565]},"faces":{"down":{"uv":[13.1875,6.375,12.5,7.8125],"rotation":0,"texture":"#0","tintindex":0},"east":{"uv":[14.25,11.125,15.6875,11.375],"rotation":0,"texture":"#0","tintindex":0},"north":{"uv":[12.75,2.875,13.4375,3.125],"rotation":0,"texture":"#0","tintindex":0},"south":{"uv":[14.25,12.375,14.9375,12.625],"rotation":0,"texture":"#0","tintindex":0},"up":{"uv":[13.1875,5.4375,12.5,4.0],"rotation":0,"texture":"#0","tintindex":0},"west":{"uv":[14.25,11.375,15.6875,11.625],"rotation":0,"texture":"#0","tintindex":0}}}],"display":{"head":{"translation":[0.0,-6.4,0.0],"rotation":[0.0,0.0,0.0],"scale":[3.8095,3.8095,3.8095]}}}