{"textures":{"0":"modelengine:entity/tiger"},"elements":[{"name":"h_head","from":[9.322195,7.190408,3.0355437],"to":[9.790194,7.532408,3.1255445],"rotation":{"angle":0.0,"axis":"x","origin":[11.329194,-2.7275925,13.538545]},"faces":{"down":{"uv":[12.1875,6.875,12.0,6.9375],"rotation":0,"texture":"#0","tintindex":0},"east":{"uv":[14.375,8.0,14.4375,8.125],"rotation":0,"texture":"#0","tintindex":0},"north":{"uv":[10.875,1.625,11.0625,1.75],"rotation":0,"texture":"#0","tintindex":0},"south":{"uv":[11.0,10.375,11.1875,10.5],"rotation":0,"texture":"#0","tintindex":0},"up":{"uv":[5.4375,12.0625,5.25,12.0],"rotation":0,"texture":"#0","tintindex":0},"west":{"uv":[14.375,8.125,14.4375,8.25],"rotation":0,"texture":"#0","tintindex":0}}},{"name":"h_head","from":[8.926194,8.000408,3.0355437],"to":[9.394194,8.108409,3.1255445],"rotation":{"angle":0.0,"axis":"x","origin":[11.329194,-2.7275925,13.538545]},"faces":{"down":{"uv":[11.6875,12.125,11.5,12.1875],"rotation":0,"texture":"#0","tintindex":0},"east":{"uv":[8.75,14.5,8.8125,14.5625],"rotation":0,"texture":"#0","tintindex":0},"north":{"uv":[5.25,12.125,5.4375,12.1875],"rotation":0,"texture":"#0","tintindex":0},"south":{"uv":[9.375,12.125,9.5625,12.1875],"rotation":0,"texture":"#0","tintindex":0},"up":{"uv":[9.8125,12.1875,9.625,12.125],"rotation":0,"texture":"#0","tintindex":0},"west":{"uv":[14.5,8.75,14.5625,8.8125],"rotation":0,"texture":"#0","tintindex":0}}},{"name":"h_head","from":[8.467194,8.045408,3.0355437],"to":[8.935194,8.108409,3.1255445],"rotation":{"angle":0.0,"axis":"x","origin":[11.329194,-2.7275925,13.538545]},"faces":{"down":{"uv":[6.1875,12.375,6.0,12.4375],"rotation":0,"texture":"#0","tintindex":0},"east":{"uv":[9.0,14.5,9.0625,14.5625],"rotation":0,"texture":"#0","tintindex":0},"north":{"uv":[12.25,6.75,12.4375,6.8125],"rotation":0,"texture":"#0","tintindex":0},"south":{"uv":[12.25,6.875,12.4375,6.9375],"rotation":0,"texture":"#0","tintindex":0},"up":{"uv":[11.6875,12.3125,11.5,12.25],"rotation":0,"texture":"#0","tintindex":0},"west":{"uv":[14.5,9.0,14.5625,9.0625],"rotation":0,"texture":"#0","tintindex":0}}},{"name":"h_head","from":[8.008194,8.018408,3.0355437],"to":[8.476194,8.108409,3.1255445],"rotation":{"angle":0.0,"axis":"x","origin":[11.329194,-2.7275925,13.538545]},"faces":{"down":{"uv":[12.9375,3.125,12.75,3.1875],"rotation":0,"texture":"#0","tintindex":0},"east":{"uv":[9.125,14.5,9.1875,14.5625],"rotation":0,"texture":"#0","tintindex":0},"north":{"uv":[6.0,12.5,6.1875,12.5625],"rotation":0,"texture":"#0","tintindex":0},"south":{"uv":[11.5,12.5,11.6875,12.5625],"rotation":0,"texture":"#0","tintindex":0},"up":{"uv":[11.6875,12.6875,11.5,12.625],"rotation":0,"texture":"#0","tintindex":0},"west":{"uv":[14.5,9.125,14.5625,9.1875],"rotation":0,"texture":"#0","tintindex":0}}},{"name":"h_head","from":[7.540194,8.009408,3.0355437],"to":[8.008194,8.108409,3.1255445],"rotation":{"angle":0.0,"axis":"x","origin":[11.329194,-2.7275925,13.538545]},"faces":{"down":{"uv":[13.1875,7.875,13.0,7.9375],"rotation":0,"texture":"#0","tintindex":0},"east":{"uv":[9.25,14.5,9.3125,14.5625],"rotation":0,"texture":"#0","tintindex":0},"north":{"uv":[11.5,12.875,11.6875,12.9375],"rotation":0,"texture":"#0","tintindex":0},"south":{"uv":[13.0,3.125,13.1875,3.1875],"rotation":0,"texture":"#0","tintindex":0},"up":{"uv":[13.1875,5.5625,13.0,5.5],"rotation":0,"texture":"#0","tintindex":0},"west":{"uv":[9.375,14.5,9.4375,14.5625],"rotation":0,"texture":"#0","tintindex":0}}},{"name":"h_head","from":[7.072194,8.054409,3.0355437],"to":[7.540194,8.108409,3.1255445],"rotation":{"angle":0.0,"axis":"x","origin":[11.329194,-2.7275925,13.538545]},"faces":{"down":{"uv":[13.8125,3.875,13.625,3.9375],"rotation":0,"texture":"#0","tintindex":0},"east":{"uv":[11.25,14.5,11.3125,14.5625],"rotation":0,"texture":"#0","tintindex":0},"north":{"uv":[13.25,3.125,13.4375,3.1875],"rotation":0,"texture":"#0","tintindex":0},"south":{"uv":[13.375,6.25,13.5625,6.3125],"rotation":0,"texture":"#0","tintindex":0},"up":{"uv":[13.6875,9.8125,13.5,9.75],"rotation":0,"texture":"#0","tintindex":0},"west":{"uv":[11.375,14.5,11.4375,14.5625],"rotation":0,"texture":"#0","tintindex":0}}},{"name":"h_head","from":[6.595194,7.991408,3.0355437],"to":[7.0631943,8.108409,3.1255445],"rotation":{"angle":0.0,"axis":"x","origin":[11.329194,-2.7275925,13.538545]},"faces":{"down":{"uv":[14.0625,2.75,13.875,2.8125],"rotation":0,"texture":"#0","tintindex":0},"east":{"uv":[11.5,14.5,11.5625,14.5625],"rotation":0,"texture":"#0","tintindex":0},"north":{"uv":[6.625,13.75,6.8125,13.8125],"rotation":0,"texture":"#0","tintindex":0},"south":{"uv":[13.75,9.75,13.9375,9.8125],"rotation":0,"texture":"#0","tintindex":0},"up":{"uv":[11.4375,13.8125,11.25,13.75],"rotation":0,"texture":"#0","tintindex":0},"west":{"uv":[11.625,14.5,11.6875,14.5625],"rotation":0,"texture":"#0","tintindex":0}}},{"name":"h_head","from":[6.1091943,7.991408,3.0355437],"to":[6.577194,8.108409,3.1255445],"rotation":{"angle":0.0,"axis":"x","origin":[11.329194,-2.7275925,13.538545]},"faces":{"down":{"uv":[9.9375,13.875,9.75,13.9375],"rotation":0,"texture":"#0","tintindex":0},"east":{"uv":[11.75,14.5,11.8125,14.5625],"rotation":0,"texture":"#0","tintindex":0},"north":{"uv":[13.875,3.875,14.0625,3.9375],"rotation":0,"texture":"#0","tintindex":0},"south":{"uv":[13.875,6.25,14.0625,6.3125],"rotation":0,"texture":"#0","tintindex":0},"up":{"uv":[6.8125,13.9375,6.625,13.875],"rotation":0,"texture":"#0","tintindex":0},"west":{"uv":[11.875,14.5,11.9375,14.5625],"rotation":0,"texture":"#0","tintindex":0}}}],"display":{"head":{"translation":[0.0,-6.4,0.0],"rotation":[0.0,0.0,0.0],"scale":[3.8095,3.8095,3.8095]}}}