{"textures":{"0":"modelengine:entity/tiger"},"elements":[{"name":"h_head","from":[4.6745,8.176407,7.7320995],"to":[5.2865,9.202407,8.092098],"rotation":{"angle":0.0,"axis":"x","origin":[6.3215,-1.7415934,18.6491]},"faces":{"down":{"uv":[11.6875,10.125,11.5,10.25],"rotation":0,"texture":"#0","tintindex":0},"east":{"uv":[3.5,6.875,3.625,7.25],"rotation":0,"texture":"#0","tintindex":0},"north":{"uv":[3.25,8.625,3.4375,9.0],"rotation":0,"texture":"#0","tintindex":0},"south":{"uv":[10.0,4.75,10.1875,5.125],"rotation":0,"texture":"#0","tintindex":0},"up":{"uv":[11.6875,10.125,11.5,10.0],"rotation":0,"texture":"#0","tintindex":0},"west":{"uv":[6.75,9.125,6.875,9.5],"rotation":0,"texture":"#0","tintindex":0}}},{"name":"h_head","from":[4.7284994,7.7345,7.819999],"to":[5.2415,8.2655,8.098999],"rotation":{"angle":-22.5,"axis":"x","origin":[5.0299997,8.0,7.964]},"faces":{"down":{"uv":[9.8125,11.875,9.625,12.0],"rotation":0,"texture":"#0","tintindex":0},"east":{"uv":[11.875,0.0,12.0,0.1875],"rotation":0,"texture":"#0","tintindex":0},"north":{"uv":[11.125,4.5,11.3125,4.6875],"rotation":0,"texture":"#0","tintindex":0},"south":{"uv":[5.25,11.125,5.4375,11.3125],"rotation":0,"texture":"#0","tintindex":0},"up":{"uv":[9.5625,12.0,9.375,11.875],"rotation":0,"texture":"#0","tintindex":0},"west":{"uv":[11.875,0.25,12.0,0.4375],"rotation":0,"texture":"#0","tintindex":0}}},{"name":"h_head","from":[4.7915,7.3295,7.838],"to":[5.1245,7.7435,8.081],"rotation":{"angle":-22.5,"axis":"x","origin":[4.94,8.0,7.964]},"faces":{"down":{"uv":[14.125,14.375,14.0,14.4375],"rotation":0,"texture":"#0","tintindex":0},"east":{"uv":[13.75,14.375,13.8125,14.5],"rotation":0,"texture":"#0","tintindex":0},"north":{"uv":[3.125,10.625,3.25,10.75],"rotation":0,"texture":"#0","tintindex":0},"south":{"uv":[11.875,0.5,12.0,0.625],"rotation":0,"texture":"#0","tintindex":0},"up":{"uv":[14.5,13.9375,14.375,13.875],"rotation":0,"texture":"#0","tintindex":0},"west":{"uv":[13.875,14.375,13.9375,14.5],"rotation":0,"texture":"#0","tintindex":0}}},{"name":"h_head","from":[7.6445003,8.176407,7.7320995],"to":[8.2565,9.202407,8.092098],"rotation":{"angle":0.0,"axis":"x","origin":[6.3215,-1.7415934,18.6491]},"faces":{"down":{"uv":[11.6875,10.375,11.5,10.5],"rotation":0,"texture":"#0","tintindex":0},"east":{"uv":[6.75,9.5,6.875,9.875],"rotation":0,"texture":"#0","tintindex":0},"north":{"uv":[10.0,5.125,10.1875,5.5],"rotation":0,"texture":"#0","tintindex":0},"south":{"uv":[6.625,10.0,6.8125,10.375],"rotation":0,"texture":"#0","tintindex":0},"up":{"uv":[11.6875,10.375,11.5,10.25],"rotation":0,"texture":"#0","tintindex":0},"west":{"uv":[3.125,10.25,3.25,10.625],"rotation":0,"texture":"#0","tintindex":0}}},{"name":"h_head","from":[7.6985,7.7345,7.856],"to":[8.2115,8.2655,8.135],"rotation":{"angle":-22.5,"axis":"x","origin":[8.0,8.0,8.0]},"faces":{"down":{"uv":[5.4375,11.875,5.25,12.0],"rotation":0,"texture":"#0","tintindex":0},"east":{"uv":[11.625,4.0,11.75,4.1875],"rotation":0,"texture":"#0","tintindex":0},"north":{"uv":[10.875,1.125,11.0625,1.3125],"rotation":0,"texture":"#0","tintindex":0},"south":{"uv":[10.875,1.375,11.0625,1.5625],"rotation":0,"texture":"#0","tintindex":0},"up":{"uv":[11.9375,7.0,11.75,6.875],"rotation":0,"texture":"#0","tintindex":0},"west":{"uv":[11.625,4.25,11.75,4.4375],"rotation":0,"texture":"#0","tintindex":0}}},{"name":"h_head","from":[7.7795,7.3295,7.8739996],"to":[8.1125,7.7435,8.117],"rotation":{"angle":-22.5,"axis":"x","origin":[8.0,8.0,8.0]},"faces":{"down":{"uv":[13.75,14.375,13.625,14.4375],"rotation":0,"texture":"#0","tintindex":0},"east":{"uv":[14.375,13.375,14.4375,13.5],"rotation":0,"texture":"#0","tintindex":0},"north":{"uv":[7.125,7.25,7.25,7.375],"rotation":0,"texture":"#0","tintindex":0},"south":{"uv":[6.75,9.875,6.875,10.0],"rotation":0,"texture":"#0","tintindex":0},"up":{"uv":[14.5,13.5625,14.375,13.5],"rotation":0,"texture":"#0","tintindex":0},"west":{"uv":[13.5,14.375,13.5625,14.5],"rotation":0,"texture":"#0","tintindex":0}}}],"display":{"head":{"translation":[0.0,-6.4,0.0],"rotation":[0.0,0.0,0.0],"scale":[3.8095,3.8095,3.8095]}}}