{"textures":{"0":"modelengine:entity/tiger"},"elements":[{"name":"h_head","from":[5.927848,6.967805,6.731657],"to":[10.112848,7.6428046,9.890657],"rotation":{"angle":-45.0,"axis":"x","origin":[8.020348,6.738304,7.663157]},"faces":{"down":{"uv":[11.8125,0.0,10.375,1.125],"rotation":0,"texture":"#0","tintindex":0},"east":{"uv":[11.25,14.25,12.375,14.5],"rotation":0,"texture":"#0","tintindex":0},"north":{"uv":[14.25,10.625,15.6875,10.875],"rotation":0,"texture":"#0","tintindex":0},"south":{"uv":[14.25,10.875,15.6875,11.125],"rotation":0,"texture":"#0","tintindex":0},"up":{"uv":[11.6875,7.0,10.25,5.875],"rotation":0,"texture":"#0","tintindex":0},"west":{"uv":[14.25,12.125,15.375,12.375],"rotation":0,"texture":"#0","tintindex":0}}},{"name":"h_head","from":[5.995348,7.5289097,7.6640425],"to":[6.094348,7.6459093,7.943042],"rotation":{"angle":-45.0,"axis":"x","origin":[6.0628476,7.49741,7.238342]},"faces":{"down":{"uv":[5.8125,14.375,5.75,14.5],"rotation":0,"texture":"#0","tintindex":0},"east":{"uv":[3.125,14.375,3.25,14.4375],"rotation":0,"texture":"#0","tintindex":0},"north":{"uv":[14.5,8.25,14.5625,8.3125],"rotation":0,"texture":"#0","tintindex":0},"south":{"uv":[14.5,8.375,14.5625,8.4375],"rotation":0,"texture":"#0","tintindex":0},"up":{"uv":[5.1875,14.5,5.125,14.375],"rotation":0,"texture":"#0","tintindex":0},"west":{"uv":[14.375,4.75,14.5,4.8125],"rotation":0,"texture":"#0","tintindex":0}}},{"name":"h_head","from":[5.995348,7.5289097,7.0970416],"to":[6.094348,7.6459093,7.376042],"rotation":{"angle":-45.0,"axis":"x","origin":[6.0628476,7.49741,7.238342]},"faces":{"down":{"uv":[4.6875,14.125,4.625,14.25],"rotation":0,"texture":"#0","tintindex":0},"east":{"uv":[3.0,14.125,3.125,14.1875],"rotation":0,"texture":"#0","tintindex":0},"north":{"uv":[6.0,14.5,6.0625,14.5625],"rotation":0,"texture":"#0","tintindex":0},"south":{"uv":[6.125,14.5,6.1875,14.5625],"rotation":0,"texture":"#0","tintindex":0},"up":{"uv":[14.1875,4.0,14.125,3.875],"rotation":0,"texture":"#0","tintindex":0},"west":{"uv":[3.125,14.125,3.25,14.1875],"rotation":0,"texture":"#0","tintindex":0}}},{"name":"h_head","from":[5.995348,7.5289097,7.376042],"to":[6.094348,7.6459093,7.6550417],"rotation":{"angle":-45.0,"axis":"x","origin":[6.0628476,7.49741,7.238342]},"faces":{"down":{"uv":[3.1875,14.25,3.125,14.375],"rotation":0,"texture":"#0","tintindex":0},"east":{"uv":[13.375,14.125,13.5,14.1875],"rotation":0,"texture":"#0","tintindex":0},"north":{"uv":[7.75,14.5,7.8125,14.5625],"rotation":0,"texture":"#0","tintindex":0},"south":{"uv":[14.5,7.75,14.5625,7.8125],"rotation":0,"texture":"#0","tintindex":0},"up":{"uv":[3.0625,14.375,3.0,14.25],"rotation":0,"texture":"#0","tintindex":0},"west":{"uv":[14.25,2.75,14.375,2.8125],"rotation":0,"texture":"#0","tintindex":0}}},{"name":"h_head","from":[5.995348,7.5289097,6.818042],"to":[6.094348,7.6459093,7.0970416],"rotation":{"angle":-45.0,"axis":"x","origin":[6.0628476,7.49741,7.238342]},"faces":{"down":{"uv":[4.6875,14.0,4.625,14.125],"rotation":0,"texture":"#0","tintindex":0},"east":{"uv":[11.25,13.875,11.375,13.9375],"rotation":0,"texture":"#0","tintindex":0},"north":{"uv":[3.75,14.5,3.8125,14.5625],"rotation":0,"texture":"#0","tintindex":0},"south":{"uv":[3.875,14.5,3.9375,14.5625],"rotation":0,"texture":"#0","tintindex":0},"up":{"uv":[1.6875,14.125,1.625,14.0],"rotation":0,"texture":"#0","tintindex":0},"west":{"uv":[11.375,13.875,11.5,13.9375],"rotation":0,"texture":"#0","tintindex":0}}},{"name":"h_head","from":[5.995348,7.5289097,6.5390425],"to":[6.094348,7.6459093,6.818042],"rotation":{"angle":-45.0,"axis":"x","origin":[6.0628476,7.49741,7.238342]},"faces":{"down":{"uv":[13.3125,5.375,13.25,5.5],"rotation":0,"texture":"#0","tintindex":0},"east":{"uv":[13.25,5.0,13.375,5.0625],"rotation":0,"texture":"#0","tintindex":0},"north":{"uv":[14.375,14.25,14.4375,14.3125],"rotation":0,"texture":"#0","tintindex":0},"south":{"uv":[14.375,14.375,14.4375,14.4375],"rotation":0,"texture":"#0","tintindex":0},"up":{"uv":[13.3125,5.375,13.25,5.25],"rotation":0,"texture":"#0","tintindex":0},"west":{"uv":[13.25,5.125,13.375,5.1875],"rotation":0,"texture":"#0","tintindex":0}}},{"name":"h_head","from":[5.9413476,6.6837177,6.4040766],"to":[6.5533476,7.2867174,6.764077],"rotation":{"angle":0.0,"axis":"x","origin":[7.858348,-3.234283,16.907078]},"faces":{"down":{"uv":[10.5625,1.625,10.375,1.75],"rotation":0,"texture":"#0","tintindex":0},"east":{"uv":[7.125,3.75,7.25,3.9375],"rotation":0,"texture":"#0","tintindex":0},"north":{"uv":[6.875,3.75,7.0625,3.9375],"rotation":0,"texture":"#0","tintindex":0},"south":{"uv":[8.375,1.75,8.5625,1.9375],"rotation":0,"texture":"#0","tintindex":0},"up":{"uv":[7.0625,7.375,6.875,7.25],"rotation":0,"texture":"#0","tintindex":0},"west":{"uv":[3.375,8.375,3.5,8.5625],"rotation":0,"texture":"#0","tintindex":0}}},{"name":"h_head","from":[6.0403476,7.2120113,6.446651],"to":[6.445348,7.3920107,6.71665],"rotation":{"angle":22.5,"axis":"x","origin":[6.1438475,7.2885118,6.5996504]},"faces":{"down":{"uv":[14.5,9.125,14.375,9.1875],"rotation":0,"texture":"#0","tintindex":0},"east":{"uv":[12.0,14.5,12.0625,14.5625],"rotation":0,"texture":"#0","tintindex":0},"north":{"uv":[9.0,14.375,9.125,14.4375],"rotation":0,"texture":"#0","tintindex":0},"south":{"uv":[14.375,9.0,14.5,9.0625],"rotation":0,"texture":"#0","tintindex":0},"up":{"uv":[9.25,14.4375,9.125,14.375],"rotation":0,"texture":"#0","tintindex":0},"west":{"uv":[12.125,14.5,12.1875,14.5625],"rotation":0,"texture":"#0","tintindex":0}}},{"name":"h_head","from":[6.094348,7.31492,6.6162467],"to":[6.382348,7.4679193,6.823246],"rotation":{"angle":45.0,"axis":"x","origin":[6.238348,7.46342,6.6477466]},"faces":{"down":{"uv":[14.5,13.0,14.375,13.0625],"rotation":0,"texture":"#0","tintindex":0},"east":{"uv":[14.5,12.75,14.5625,12.8125],"rotation":0,"texture":"#0","tintindex":0},"north":{"uv":[14.375,12.625,14.5,12.6875],"rotation":0,"texture":"#0","tintindex":0},"south":{"uv":[14.375,12.75,14.5,12.8125],"rotation":0,"texture":"#0","tintindex":0},"up":{"uv":[14.5,12.9375,14.375,12.875],"rotation":0,"texture":"#0","tintindex":0},"west":{"uv":[14.5,12.875,14.5625,12.9375],"rotation":0,"texture":"#0","tintindex":0}}},{"name":"h_head","from":[6.5983477,6.6837177,6.4040766],"to":[7.066348,7.0257177,6.4940777],"rotation":{"angle":0.0,"axis":"x","origin":[11.332348,-3.234283,16.907078]},"faces":{"down":{"uv":[6.8125,13.625,6.625,13.6875],"rotation":0,"texture":"#0","tintindex":0},"east":{"uv":[8.875,14.375,8.9375,14.5],"rotation":0,"texture":"#0","tintindex":0},"north":{"uv":[5.25,11.5,5.4375,11.625],"rotation":0,"texture":"#0","tintindex":0},"south":{"uv":[11.5,9.875,11.6875,10.0],"rotation":0,"texture":"#0","tintindex":0},"up":{"uv":[13.8125,6.3125,13.625,6.25],"rotation":0,"texture":"#0","tintindex":0},"west":{"uv":[14.375,8.875,14.4375,9.0],"rotation":0,"texture":"#0","tintindex":0}}},{"name":"h_head","from":[7.075348,6.6837177,6.4040766],"to":[7.543348,6.8817177,6.4940777],"rotation":{"angle":0.0,"axis":"x","origin":[11.332348,-3.234283,16.907078]},"faces":{"down":{"uv":[11.6875,13.0,11.5,13.0625],"rotation":0,"texture":"#0","tintindex":0},"east":{"uv":[9.5,14.5,9.5625,14.5625],"rotation":0,"texture":"#0","tintindex":0},"north":{"uv":[13.0,8.0,13.1875,8.0625],"rotation":0,"texture":"#0","tintindex":0},"south":{"uv":[13.0,8.125,13.1875,8.1875],"rotation":0,"texture":"#0","tintindex":0},"up":{"uv":[13.1875,8.3125,13.0,8.25],"rotation":0,"texture":"#0","tintindex":0},"west":{"uv":[9.625,14.5,9.6875,14.5625],"rotation":0,"texture":"#0","tintindex":0}}},{"name":"h_head","from":[7.543348,6.6837177,6.4040766],"to":[8.011348,6.962718,6.4940777],"rotation":{"angle":0.0,"axis":"x","origin":[11.332348,-3.234283,16.907078]},"faces":{"down":{"uv":[11.6875,12.75,11.5,12.8125],"rotation":0,"texture":"#0","tintindex":0},"east":{"uv":[8.75,14.375,8.8125,14.5],"rotation":0,"texture":"#0","tintindex":0},"north":{"uv":[11.5,4.5,11.6875,4.625],"rotation":0,"texture":"#0","tintindex":0},"south":{"uv":[11.5,4.625,11.6875,4.75],