{"textures":{"0":"modelengine:entity/tiger"},"elements":[{"name":"h_head","from":[5.606,6.477474,4.7933207],"to":[10.601,11.607475,9.7883215],"rotation":{"angle":0.0,"axis":"x","origin":[8.1035,9.042475,7.290821]},"faces":{"down":{"uv":[9.0,3.75,7.25,5.5],"rotation":0,"texture":"#0","tintindex":0},"east":{"uv":[1.75,5.75,3.5,7.5],"rotation":0,"texture":"#0","tintindex":0},"north":{"uv":[0.0,5.75,1.75,7.5],"rotation":0,"texture":"#0","tintindex":0},"south":{"uv":[6.875,2.0,8.625,3.75],"rotation":0,"texture":"#0","tintindex":0},"up":{"uv":[5.25,9.0,3.5,7.25],"rotation":0,"texture":"#0","tintindex":0},"west":{"uv":[7.25,0.0,9.0,1.75],"rotation":0,"texture":"#0","tintindex":0}}},{"name":"h_head","from":[5.9659996,7.6474166,3.0192552],"to":[10.151,8.322416,6.2052565],"rotation":{"angle":-22.5,"axis":"x","origin":[8.0585,7.174917,3.9102557]},"faces":{"down":{"uv":[11.6875,4.75,10.25,5.875],"rotation":0,"texture":"#0","tintindex":0},"east":{"uv":[7.25,1.75,8.375,2.0],"rotation":0,"texture":"#0","tintindex":0},"north":{"uv":[13.875,2.5,15.3125,2.75],"rotation":0,"texture":"#0","tintindex":0},"south":{"uv":[14.125,7.25,15.5625,7.5],"rotation":0,"texture":"#0","tintindex":0},"up":{"uv":[11.5625,8.375,10.125,7.25],"rotation":0,"texture":"#0","tintindex":0},"west":{"uv":[10.25,7.0,11.375,7.25],"rotation":0,"texture":"#0","tintindex":0}}},{"name":"h_head","from":[9.561314,9.808699,7.4393206],"to":[11.235313,12.3467,7.799321],"rotation":{"angle":-22.5,"axis":"z","origin":[10.677313,11.3972,7.619321]},"faces":{"down":{"uv":[5.1875,9.0,4.625,9.125],"rotation":0,"texture":"#0","tintindex":0},"east":{"uv":[3.375,7.5,3.5,8.375],"rotation":0,"texture":"#0","tintindex":0},"north":{"uv":[10.125,13.375,10.6875,14.25],"rotation":0,"texture":"#0","tintindex":0},"south":{"uv":[6.0,13.625,6.5625,14.5],"rotation":0,"texture":"#0","tintindex":0},"up":{"uv":[9.4375,7.375,8.875,7.25],"rotation":0,"texture":"#0","tintindex":0},"west":{"uv":[6.625,9.125,6.75,10.0],"rotation":0,"texture":"#0","tintindex":0}}},{"name":"h_head","from":[4.80578,9.430622,7.4393206],"to":[6.47978,12.481622,7.799321],"rotation":{"angle":22.5,"axis":"z","origin":[5.5797796,11.658121,7.619321]},"faces":{"down":{"uv":[10.6875,8.875,10.125,9.0],"rotation":0,"texture":"#0","tintindex":0},"east":{"uv":[3.5,5.75,3.625,6.8125],"rotation":0,"texture":"#0","tintindex":0},"north":{"uv":[2.625,9.125,3.1875,10.1875],"rotation":0,"texture":"#0","tintindex":0},"south":{"uv":[10.125,12.25,10.6875,13.3125],"rotation":0,"texture":"#0","tintindex":0},"up":{"uv":[10.0625,7.375,9.5,7.25],"rotation":0,"texture":"#0","tintindex":0},"west":{"uv":[3.25,7.5,3.375,8.5625],"rotation":0,"texture":"#0","tintindex":0}}},{"name":"h_head","from":[6.0515,7.363975,3.434321],"to":[6.1505,7.480975,3.7133212],"rotation":{"angle":-22.5,"axis":"x","origin":[6.0605,7.2919745,3.4523203]},"faces":{"down":{"uv":[11.9375,1.0,11.875,1.125],"rotation":0,"texture":"#0","tintindex":0},"east":{"uv":[11.875,0.625,12.0,0.6875],"rotation":0,"texture":"#0","tintindex":0},"north":{"uv":[14.375,14.0,14.4375,14.0625],"rotation":0,"texture":"#0","tintindex":0},"south":{"uv":[14.125,14.375,14.1875,14.4375],"rotation":0,"texture":"#0","tintindex":0},"up":{"uv":[11.9375,1.0,11.875,0.875],"rotation":0,"texture":"#0","tintindex":0},"west":{"uv":[11.875,0.75,12.0,0.8125],"rotation":0,"texture":"#0","tintindex":0}}},{"name":"h_head","from":[9.9755,7.363975,3.434321],"to":[10.074501,7.480975,3.7133212],"rotation":{"angle":-22.5,"axis":"x","origin":[9.9845,7.2919745,3.4523203]},"faces":{"down":{"uv":[13.3125,4.875,13.25,5.0],"rotation":0,"texture":"#0","tintindex":0},"east":{"uv":[6.25,12.375,6.375,12.4375],"rotation":0,"texture":"#0","tintindex":0},"north":{"uv":[14.375,14.125,14.4375,14.1875],"rotation":0,"texture":"#0","tintindex":0},"south":{"uv":[14.25,14.375,14.3125,14.4375],"rotation":0,"texture":"#0","tintindex":0},"up":{"uv":[12.4375,13.25,12.375,13.125],"rotation":0,"texture":"#0","tintindex":0},"west":{"uv":[6.25,12.5,6.375,12.5625],"rotation":0,"texture":"#0","tintindex":0}}},{"name":"h_head","from":[6.0515,7.363975,3.7133212],"to":[6.1505,7.480975,3.9923213],"rotation":{"angle":-22.5,"axis":"x","origin":[6.0605,7.2919745,3.4523203]},"faces":{"down":{"uv":[13.5625,3.125,13.5,3.25],"rotation":0,"texture":"#0","tintindex":0},"east":{"uv":[13.375,13.125,13.5,13.1875],"rotation":0,"texture":"#0","tintindex":0},"north":{"uv":[3.25,14.5,3.3125,14.5625],"rotation":0,"texture":"#0","tintindex":0},"south":{"uv":[3.375,14.5,3.4375,14.5625],"rotation":0,"texture":"#0","tintindex":0},"up":{"uv":[13.5625,3.125,13.5,3.0],"rotation":0,"texture":"#0","tintindex":0},"west":{"uv":[13.5,2.875,13.625,2.9375],"rotation":0,"texture":"#0","tintindex":0}}},{"name":"h_head","from":[9.9755,7.363975,3.7133212],"to":[10.074501,7.480975,3.9923213],"rotation":{"angle":-22.5,"axis":"x","origin":[9.9845,7.2919745,3.4523203]},"faces":{"down":{"uv":[10.0625,13.875,10.0,14.0],"rotation":0,"texture":"#0","tintindex":0},"east":{"uv":[1.625,13.625,1.75,13.6875],"rotation":0,"texture":"#0","tintindex":0},"north":{"uv":[3.5,14.5,3.5625,14.5625],"rotation":0,"texture":"#0","tintindex":0},"south":{"uv":[3.625,14.5,3.6875,14.5625],"rotation":0,"texture":"#0","tintindex":0},"up":{"uv":[1.6875,14.0,1.625,13.875],"rotation":0,"texture":"#0","tintindex":0},"west":{"uv":[1.625,13.75,1.75,13.8125],"rotation":0,"texture":"#0","tintindex":0}}},{"name":"h_head","from":[6.0515,7.363975,3.9923213],"to":[6.1505,7.480975,4.2713213],"rotation":{"angle":-22.5,"axis":"x","origin":[6.0605,7.2919745,3.4523203]},"faces":{"down":{"uv":[9.9375,14.0,9.875,14.125],"rotation":0,"texture":"#0","tintindex":0},"east":{"uv":[8.75,14.0,8.875,14.0625],"rotation":0,"texture":"#0","tintindex":0},"north":{"uv":[5.125,14.5,5.1875,14.5625],"rotation":0,"texture":"#0","tintindex":0},"south":{"uv":[5.75,14.5,5.8125,14.5625],"rotation":0,"texture":"#0","tintindex":0},"up":{"uv":[14.0625,9.875,14.0,9.75],"rotation":0,"texture":"#0","tintindex":0},"west":{"uv":[9.75,14.0,9.875,14.0625],"rotation":0,"texture":"#0","tintindex":0}}},{"name":"h_head","from":[9.9755,7.363975,3.9923213],"to":[10.074501,7.480975,4.2713213],"rotation":{"angle":-22.5,"axis":"x","origin":[9.9845,7.2919745,3.4523203]},"faces":{"down":{"uv":[14.1875,2.75,14.125,2.875],"rotation":0,"texture":"#0","tintindex":0},"east":{"uv":[10.0,14.0,10.125,14.0625],"rotation":0,"texture":"#0","tintindex":0},"north":{"uv":[5.875,14.5,5.9375,14.5625],"rotation":0,"texture":"#0","tintindex":0},"south":{"uv":[14.5,5.875,14.5625,5.9375],"rotation":0,"texture":"#0","tintindex":0},"up":{"uv":[11.4375,14.125,11.375,14.0],"rotation":0,"texture":"#0","tintindex":0},"west":{"uv":[11.25,14.0,11.375,14.0625],"rotation":0,"texture":"#0","tintindex":0}}},{"name":"h_head","from":[6.0515,7.363975,4.2713213],"to":[6.1505,7.480975,4.5503216],"rotation":{"angle":-22.5,"axis":"x","origin":[6.0605,7.2919745,3.4523203]},"faces":{"down":{"uv":[9.9375,14.125,9.875,14.25],"rotation":0,"texture":"#0","tintindex":0},"east":{"uv":[8.75,14.125,8.875,14.1875],"rotation":0,"texture":"#0","tintindex":0},"north":{"uv":[6.5,14.5,6.5625,14.5625],"rotation":0,"texture":"#0","tintindex":0},"south":{"uv":[7.375,14.5,7.4375,14.5625],"rotation":0,"texture":"#0","tintindex":0},"up":{"uv":[14.1875,9.875,14.125,9.75],"rotation":0,"texture":"#0","tintindex":0},"west":{"uv":[9.75,14.125,9.875,14.1875],"rotation":0,"texture":"#0","tintindex":0}}},{"name":"h_head","from":[9.9755,7.363975,4.2713213],"to":[10.074501,7.480975,4.5503216],"rotation":{"angle":-22.5,"axis":"x","origin":[9.9845,7.2919745,3.4523203]},"faces":{"down":{"uv":[13.3125,14.125,13.25,14.25],"rotation":0,"texture":"#0","tintindex":0},"east":{"uv":[10.0,14.125,10.125,14.1875],"rotation":0,"texture":"#0","tintindex":0},"north":{"uv":[7.5,14.5,7.5625,14.5625],"rotation":0,"texture":"#0","tintindex":0},"south":{"uv":[7.625,14.5,7.6875,14.5625],"rotation":0,"texture":"#0","tintindex":0},"up":{"uv":[11.4375,14.25,11.375,14.125],"rotation":0,"texture":"#0",