{"textures":{"0":"modelengine:entity/tiger"},"elements":[{"name":"cube","from":[7.0594997,3.7659085,6.6059675],"to":[9.368,8.112908,9.872968],"rotation":{"angle":-22.5,"axis":"x","origin":[8.2205,5.919159,7.2944674]},"faces":{"down":{"uv":[12.5,11.0,13.3125,12.125],"rotation":0,"texture":"#0","tintindex":0},"east":{"uv":[11.0,9.0,9.875,10.5],"rotation":0,"texture":"#0","tintindex":0},"north":{"uv":[11.8125,8.375,11.0,9.875],"rotation":0,"texture":"#0","tintindex":0},"south":{"uv":[0.8125,11.125,0.0,12.625],"rotation":0,"texture":"#0","tintindex":0},"up":{"uv":[12.5,11.0,13.3125,9.875],"rotation":0,"texture":"#0","tintindex":0},"west":{"uv":[6.625,9.125,5.5,10.625],"rotation":0,"texture":"#0","tintindex":0}}},{"name":"cube","from":[7.0594997,2.662064,7.382204],"to":[9.368,4.916564,10.500704],"rotation":{"angle":0.0,"axis":"x","origin":[8.21375,5.4160643,8.597204]},"faces":{"down":{"uv":[13.25,6.375,14.0625,7.4375],"rotation":0,"texture":"#0","tintindex":0},"east":{"uv":[14.3125,4.0,13.25,4.8125],"rotation":0,"texture":"#0","tintindex":0},"north":{"uv":[14.1875,11.0,13.375,11.8125],"rotation":0,"texture":"#0","tintindex":0},"south":{"uv":[14.1875,11.875,13.375,12.6875],"rotation":0,"texture":"#0","tintindex":0},"up":{"uv":[11.5,14.1875,12.3125,13.125],"rotation":0,"texture":"#0","tintindex":0},"west":{"uv":[13.8125,2.0,12.75,2.8125],"rotation":0,"texture":"#0","tintindex":0}}},{"name":"cube","from":[7.2755,2.1386328,5.7406673],"to":[9.2735,2.813633,10.479168],"rotation":{"angle":0.0,"axis":"x","origin":[8.0,5.6,-2.8000002]},"faces":{"down":{"uv":[11.75,9.875,12.4375,11.5],"rotation":0,"texture":"#0","tintindex":0},"east":{"uv":[15.125,9.25,13.5,9.5],"rotation":0,"texture":"#0","tintindex":0},"north":{"uv":[15.0625,4.25,14.375,4.5],"rotation":0,"texture":"#0","tintindex":0},"south":{"uv":[15.0625,4.5,14.375,4.75],"rotation":0,"texture":"#0","tintindex":0},"up":{"uv":[11.75,5.625,12.4375,4.0],"rotation":0,"texture":"#0","tintindex":0},"west":{"uv":[15.0,6.0,13.375,6.25],"rotation":0,"texture":"#0","tintindex":0}}}],"display":{"head":{"translation":[0.0,-6.4,0.0],"rotation":[0.0,0.0,0.0],"scale":[3.8095,3.8095,3.8095]}}}