{"textures":{"0":"modelengine:entity/rhino"},"elements":[{"name":"cube","from":[5.97824,1.0275197,6.2478085],"to":[10.021761,9.11456,10.740608],"rotation":{"angle":0.0,"axis":"x","origin":[13.571073,17.875523,-13.250945]},"faces":{"down":{"uv":[12.75,1.25,12.25,1.875],"rotation":0,"texture":"#0","tintindex":0},"east":{"uv":[11.0,0.0,11.625,1.125],"rotation":0,"texture":"#0","tintindex":0},"north":{"uv":[11.25,7.25,11.75,8.375],"rotation":0,"texture":"#0","tintindex":0},"south":{"uv":[7.75,11.25,8.25,12.375],"rotation":0,"texture":"#0","tintindex":0},"up":{"uv":[12.75,1.125,12.25,0.5],"rotation":0,"texture":"#0","tintindex":0},"west":{"uv":[11.0,1.25,11.625,2.375],"rotation":0,"texture":"#0","tintindex":0}}},{"name":"cube","from":[5.52896,-1.6681604,4.0014076],"to":[10.471041,1.9260801,11.010176],"rotation":{"angle":0.0,"axis":"x","origin":[13.571073,17.875523,-13.250945]},"faces":{"down":{"uv":[5.125,11.25,4.5,12.25],"rotation":0,"texture":"#0","tintindex":0},"east":{"uv":[11.5,10.5,12.5,11.0],"rotation":0,"texture":"#0","tintindex":0},"north":{"uv":[12.25,2.0,12.875,2.5],"rotation":0,"texture":"#0","tintindex":0},"south":{"uv":[2.25,12.25,2.875,12.75],"rotation":0,"texture":"#0","tintindex":0},"up":{"uv":[4.375,12.25,3.75,11.25],"rotation":0,"texture":"#0","tintindex":0},"west":{"uv":[10.75,11.5,11.75,12.0],"rotation":0,"texture":"#0","tintindex":0}}}],"display":{"head":{"translation":[0.0,-6.4,0.0],"rotation":[0.0,0.0,0.0],"scale":[3.8095,3.8095,3.8095]}}}