{"textures":{"0":"modelengine:entity/rhino"},"elements":[{"name":"cube","from":[5.97824,1.0275197,6.2478075],"to":[10.021761,9.11456,10.740608],"rotation":{"angle":0.0,"axis":"x","origin":[1.7100797,17.875523,7.8202877]},"faces":{"down":{"uv":[11.75,12.0,11.25,12.625],"rotation":0,"texture":"#0","tintindex":0},"east":{"uv":[9.25,10.5,9.875,11.625],"rotation":0,"texture":"#0","tintindex":0},"north":{"uv":[6.75,11.25,7.25,12.375],"rotation":0,"texture":"#0","tintindex":0},"south":{"uv":[7.25,11.25,7.75,12.375],"rotation":0,"texture":"#0","tintindex":0},"up":{"uv":[11.25,12.625,10.75,12.0],"rotation":0,"texture":"#0","tintindex":0},"west":{"uv":[10.75,10.25,11.375,11.375],"rotation":0,"texture":"#0","tintindex":0}}},{"name":"cube","from":[5.52896,-1.6681604,4.0014076],"to":[10.471041,1.9260801,11.010176],"rotation":{"angle":0.0,"axis":"x","origin":[1.7100797,17.875523,7.8202877]},"faces":{"down":{"uv":[3.625,11.25,3.0,12.25],"rotation":0,"texture":"#0","tintindex":0},"east":{"uv":[11.25,8.5,12.25,9.0],"rotation":0,"texture":"#0","tintindex":0},"north":{"uv":[12.0,5.5,12.625,6.0],"rotation":0,"texture":"#0","tintindex":0},"south":{"uv":[11.75,12.0,12.375,12.5],"rotation":0,"texture":"#0","tintindex":0},"up":{"uv":[2.875,12.25,2.25,11.25],"rotation":0,"texture":"#0","tintindex":0},"west":{"uv":[11.5,10.0,12.5,10.5],"rotation":0,"texture":"#0","tintindex":0}}}],"display":{"head":{"translation":[0.0,-6.4,0.0],"rotation":[0.0,0.0,0.0],"scale":[3.8095,3.8095,3.8095]}}}