{"textures":{"0":"modelengine:entity/bison"},"elements":[{"name":"cube","from":[2.5636396,0.8877392,1.5113599],"to":[11.99564,13.675563,13.641919],"rotation":{"angle":0.0,"axis":"x","origin":[7.27964,8.486379,-11.7424]},"faces":{"down":{"uv":[0.96875,4.75,0.0,6.0],"rotation":0,"texture":"#0","tintindex":0},"east":{"uv":[2.375,1.625,3.625,2.96875],"rotation":0,"texture":"#0","tintindex":0},"north":{"uv":[3.4375,4.375,4.40625,5.71875],"rotation":0,"texture":"#0","tintindex":0},"south":{"uv":[4.4375,4.375,5.40625,5.71875],"rotation":0,"texture":"#0","tintindex":0},"up":{"uv":[5.59375,3.875,4.625,2.625],"rotation":0,"texture":"#0","tintindex":0},"west":{"uv":[2.5,0.0,3.75,1.34375],"rotation":0,"texture":"#0","tintindex":0}}},{"name":"cube","from":[6.6057196,-1.6448851,14.54048],"to":[8.85212,13.675563,15.888321],"rotation":{"angle":-22.5,"axis":"x","origin":[8.1782,6.756651,15.214399]},"faces":{"down":{"uv":[4.71875,1.25,4.5,1.375],"rotation":0,"texture":"#0","tintindex":0},"east":{"uv":[7.5,8.5625,7.625,10.15625],"rotation":0,"texture":"#0","tintindex":0},"north":{"uv":[5.625,8.625,5.84375,10.21875],"rotation":0,"texture":"#0","tintindex":0},"south":{"uv":[5.875,8.625,6.09375,10.21875],"rotation":0,"texture":"#0","tintindex":0},"up":{"uv":[4.59375,3.0,4.375,2.875],"rotation":0,"texture":"#0","tintindex":0},"west":{"uv":[4.75,9.0625,4.875,10.65625],"rotation":0,"texture":"#0","tintindex":0}}},{"name":"cube","from":[6.15644,-6.092757,14.091201],"to":[9.301401,-0.65646935,16.3376],"rotation":{"angle":-22.5,"axis":"x","origin":[8.1782,6.756651,15.214399]},"faces":{"down":{"uv":[4.75,9.6875,4.4375,9.90625],"rotation":0,"texture":"#0","tintindex":0},"east":{"uv":[3.125,5.0625,3.34375,5.625],"rotation":0,"texture":"#0","tintindex":0},"north":{"uv":[3.125,4.5,3.4375,5.0625],"rotation":0,"texture":"#0","tintindex":0},"south":{"uv":[1.9375,4.625,2.25,5.1875],"rotation":0,"texture":"#0","tintindex":0},"up":{"uv":[5.625,9.84375,5.3125,9.625],"rotation":0,"texture":"#0","tintindex":0},"west":{"uv":[1.9375,5.1875,2.15625,5.75],"rotation":0,"texture":"#0","tintindex":0}}}],"display":{"head":{"translation":[0.0,-6.4,0.0],"rotation":[0.0,0.0,0.0],"scale":[3.8095,3.8095,3.8095]}}}