{"textures":{"0":"modelengine:entity/bison"},"elements":[{"name":"cube","from":[5.97824,1.0275197,6.2478075],"to":[10.021761,9.11456,10.740608],"rotation":{"angle":0.0,"axis":"x","origin":[13.571073,17.875523,7.8202877]},"faces":{"down":{"uv":[9.71875,4.8125,9.3125,5.28125],"rotation":0,"texture":"#0","tintindex":0},"east":{"uv":[6.1875,8.25,6.65625,9.09375],"rotation":0,"texture":"#0","tintindex":0},"north":{"uv":[8.625,6.1875,9.03125,7.03125],"rotation":0,"texture":"#0","tintindex":0},"south":{"uv":[2.5,8.75,2.90625,9.59375],"rotation":0,"texture":"#0","tintindex":0},"up":{"uv":[8.03125,9.71875,7.625,9.25],"rotation":0,"texture":"#0","tintindex":0},"west":{"uv":[0.0,8.375,0.46875,9.21875],"rotation":0,"texture":"#0","tintindex":0}}},{"name":"cube","from":[5.52896,-1.6681604,4.0014076],"to":[10.471041,1.9260801,11.010176],"rotation":{"angle":0.0,"axis":"x","origin":[13.571073,17.875523,7.8202877]},"faces":{"down":{"uv":[9.125,0.625,8.625,1.34375],"rotation":0,"texture":"#0","tintindex":0},"east":{"uv":[9.0625,6.0625,9.78125,6.4375],"rotation":0,"texture":"#0","tintindex":0},"north":{"uv":[5.625,3.5,6.125,3.875],"rotation":0,"texture":"#0","tintindex":0},"south":{"uv":[4.75,5.75,5.25,6.125],"rotation":0,"texture":"#0","tintindex":0},"up":{"uv":[1.0,9.21875,0.5,8.5],"rotation":0,"texture":"#0","tintindex":0},"west":{"uv":[9.0625,6.4375,9.78125,6.8125],"rotation":0,"texture":"#0","tintindex":0}}}],"display":{"head":{"translation":[0.0,-6.4,0.0],"rotation":[0.0,0.0,0.0],"scale":[3.8095,3.8095,3.8095]}}}