{"textures":{"0":"modelengine:entity/bison"},"elements":[{"name":"cube","from":[2.30984,0.15876603,-4.3766804],"to":[13.541841,15.479216,7.75388],"rotation":{"angle":0.0,"axis":"x","origin":[7.92584,8.807405,1.6885997]},"faces":{"down":{"uv":[4.90625,0.0,3.75,1.25],"rotation":0,"texture":"#0","tintindex":0},"east":{"uv":[0.0,0.0,1.25,1.59375],"rotation":0,"texture":"#0","tintindex":0},"north":{"uv":[0.0,1.625,1.15625,3.21875],"rotation":0,"texture":"#0","tintindex":0},"south":{"uv":[1.1875,1.625,2.34375,3.21875],"rotation":0,"texture":"#0","tintindex":0},"up":{"uv":[4.78125,2.625,3.625,1.375],"rotation":0,"texture":"#0","tintindex":0},"west":{"uv":[1.25,0.0,2.5,1.59375],"rotation":0,"texture":"#0","tintindex":0}}},{"name":"cube","from":[3.6148398,6.758767,-10.826681],"to":[12.31184,13.679215,-4.2461195],"rotation":{"angle":0.0,"axis":"x","origin":[7.92584,8.807405,1.6885997]},"faces":{"down":{"uv":[8.03125,3.5625,7.125,4.25],"rotation":0,"texture":"#0","tintindex":0},"east":{"uv":[7.5625,4.25,8.25,4.96875],"rotation":0,"texture":"#0","tintindex":0},"north":{"uv":[5.6875,1.75,6.59375,2.46875],"rotation":0,"texture":"#0","tintindex":0},"south":{"uv":[6.9375,7.0625,7.84375,7.78125],"rotation":0,"texture":"#0","tintindex":0},"up":{"uv":[8.03125,3.5625,7.125,2.875],"rotation":0,"texture":"#0","tintindex":0},"west":{"uv":[6.9375,7.8125,7.625,8.53125],"rotation":0,"texture":"#0","tintindex":0}}},{"name":"cube","from":[4.4098396,15.473766,-0.6576407],"to":[11.44184,18.061592,5.4729204],"rotation":{"angle":0.0,"axis":"x","origin":[7.92584,14.20268,12.60764]},"faces":{"down":{"uv":[8.59375,7.0,7.875,7.625],"rotation":0,"texture":"#0","tintindex":0},"east":{"uv":[9.5625,1.1875,10.1875,1.46875],"rotation":0,"texture":"#0","tintindex":0},"north":{"uv":[9.125,1.75,9.84375,2.03125],"rotation":0,"texture":"#0","tintindex":0},"south":{"uv":[9.1875,3.875,9.90625,4.15625],"rotation":0,"texture":"#0","tintindex":0},"up":{"uv":[8.34375,8.4375,7.625,7.8125],"rotation":0,"texture":"#0","tintindex":0},"west":{"uv":[1.375,9.5625,2.0,9.84375],"rotation":0,"texture":"#0","tintindex":0}}},{"name":"cube","from":[4.48484,14.408767,-4.2576413],"to":[11.39684,17.86659,-0.07708073],"rotation":{"angle":-22.5,"axis":"x","origin":[7.92584,16.90268,-0.8923602]},"faces":{"down":{"uv":[9.71875,2.5625,9.0,3.0],"rotation":0,"texture":"#0","tintindex":0},"east":{"uv":[9.625,9.4375,10.0625,9.8125],"rotation":0,"texture":"#0","tintindex":0},"north":{"uv":[9.125,0.4375,9.84375,0.8125],"rotation":0,"texture":"#0","tintindex":0},"south":{"uv":[9.125,0.8125,9.84375,1.1875],"rotation":0,"texture":"#0","tintindex":0},"up":{"uv":[9.71875,2.5625,9.0,2.125],"rotation":0,"texture":"#0","tintindex":0},"west":{"uv":[4.0,9.6875,4.4375,10.0625],"rotation":0,"texture":"#0","tintindex":0}}},{"name":"cube","from":[4.4098396,11.8587675,-11.768202],"to":[11.44184,14.686591,-4.857641],"rotation":{"angle":-22.5,"axis":"x","origin":[7.92584,16.90268,-9.122921]},"faces":{"down":{"uv":[8.09375,0.0,7.375,0.71875],"rotation":0,"texture":"#0","tintindex":0},"east":{"uv":[0.0,9.25,0.71875,9.53125],"rotation":0,"texture":"#0","tintindex":0},"north":{"uv":[9.1875,4.1875,9.90625,4.46875],"rotation":0,"texture":"#0","tintindex":0},"south":{"uv":[1.375,9.25,2.09375,9.53125],"rotation":0,"texture":"#0","tintindex":0},"up":{"uv":[8.03125,6.34375,7.3125,5.625],"rotation":0,"texture":"#0","tintindex":0},"west":{"uv":[9.3125,4.5,10.03125,4.78125],"rotation":0,"texture":"#0","tintindex":0}}},{"name":"cube","from":[3.5098398,3.1587667,-12.926681],"to":[12.341841,7.679214,-3.7961192],"rotation":{"angle":45.0,"axis":"x","origin":[7.92584,2.4189897,-7.461401]},"faces":{"down":{"uv":[7.53125,4.6875,6.625,5.625],"rotation":0,"texture":"#0","tintindex":0},"east":{"uv":[8.0625,2.375,9.0,2.84375],"rotation":0,"texture":"#0","tintindex":0},"north":{"uv":[8.0625,3.375,8.96875,3.84375],"rotation":0,"texture":"#0","tintindex":0},"south":{"uv":[4.4375,8.0625,5.34375,8.53125],"rotation":0,"texture":"#0","tintindex":0},"up":{"uv":[7.28125,7.0625,6.375,6.125],"rotation":0,"texture":"#0","tintindex":0},"west":{"uv":[8.0625,2.875,9.0,3.34375],"rotation":0,"texture":"#0","tintindex":0}}}],"display":{"head":{"translation":[0.0,-6.4,0.0],"rotation":[0.0,0.0,0.0],"scale":[3.8095,3.8095,3.8095]}}}