{"textures":{"0":"modelengine:entity/bison"},"elements":[{"name":"cube","from":[2.5089798,5.295293,1.7295232],"to":[13.60598,18.215742,10.110084],"rotation":{"angle":-22.5,"axis":"x","origin":[8.01998,7.943932,17.994804]},"faces":{"down":{"uv":[6.59375,5.25,5.4375,6.125],"rotation":0,"texture":"#0","tintindex":0},"east":{"uv":[4.8125,1.25,5.6875,2.59375],"rotation":0,"texture":"#0","tintindex":0},"north":{"uv":[1.0625,3.25,2.21875,4.59375],"rotation":0,"texture":"#0","tintindex":0},"south":{"uv":[3.4375,3.0,4.59375,4.34375],"rotation":0,"texture":"#0","tintindex":0},"up":{"uv":[6.09375,0.875,4.9375,0.0],"rotation":0,"texture":"#0","tintindex":0},"west":{"uv":[5.4375,3.875,6.3125,5.21875],"rotation":0,"texture":"#0","tintindex":0}}},{"name":"cube","from":[4.84898,-0.24839354,1.9555235],"to":[11.055981,2.472055,6.1360846],"rotation":{"angle":-22.5,"axis":"x","origin":[7.9524803,-3.9881697,3.145803]},"faces":{"down":{"uv":[3.96875,9.0,3.3125,9.4375],"rotation":0,"texture":"#0","tintindex":0},"east":{"uv":[9.6875,7.5625,10.125,7.84375],"rotation":0,"texture":"#0","tintindex":0},"north":{"uv":[9.375,8.25,10.03125,8.53125],"rotation":0,"texture":"#0","tintindex":0},"south":{"uv":[3.3125,9.4375,3.96875,9.71875],"rotation":0,"texture":"#0","tintindex":0},"up":{"uv":[7.28125,6.0625,6.625,5.625],"rotation":0,"texture":"#0","tintindex":0},"west":{"uv":[8.0625,9.6875,8.5,9.96875],"rotation":0,"texture":"#0","tintindex":0}}},{"name":"cube","from":[4.30898,8.895293,-2.470477],"to":[11.80598,14.015741,1.710082],"rotation":{"angle":-22.5,"axis":"x","origin":[8.01998,7.943932,17.994804]},"faces":{"down":{"uv":[9.59375,0.0,8.8125,0.4375],"rotation":0,"texture":"#0","tintindex":0},"east":{"uv":[9.125,1.1875,9.5625,1.71875],"rotation":0,"texture":"#0","tintindex":0},"north":{"uv":[5.375,8.0625,6.15625,8.59375],"rotation":0,"texture":"#0","tintindex":0},"south":{"uv":[8.0625,5.625,8.84375,6.15625],"rotation":0,"texture":"#0","tintindex":0},"up":{"uv":[9.40625,7.5,8.625,7.0625],"rotation":0,"texture":"#0","tintindex":0},"west":{"uv":[6.125,9.125,6.5625,9.65625],"rotation":0,"texture":"#0","tintindex":0}}},{"name":"cube","from":[4.3389797,5.359235,-1.9020834],"to":[11.79098,11.189795,2.0183654],"rotation":{"angle":22.5,"axis":"x","origin":[8.06498,8.874514,-1.4418592]},"faces":{"down":{"uv":[9.65625,7.5,8.875,7.90625],"rotation":0,"texture":"#0","tintindex":0},"east":{"uv":[6.6875,2.875,7.09375,3.46875],"rotation":0,"texture":"#0","tintindex":0},"north":{"uv":[7.3125,6.375,8.09375,6.96875],"rotation":0,"texture":"#0","tintindex":0},"south":{"uv":[7.5625,5.0,8.34375,5.59375],"rotation":0,"texture":"#0","tintindex":0},"up":{"uv":[9.65625,6.03125,8.875,5.625],"rotation":0,"texture":"#0","tintindex":0},"west":{"uv":[6.75,1.125,7.15625,1.71875],"rotation":0,"texture":"#0","tintindex":0}}},{"name":"cube","from":[4.30898,12.2762165,2.2359107],"to":[11.80598,14.396665,6.7164717],"rotation":{"angle":0.0,"axis":"x","origin":[8.05748,12.136441,1.0261922]},"faces":{"down":{"uv":[7.46875,8.5625,6.6875,9.03125],"rotation":0,"texture":"#0","tintindex":0},"east":{"uv":[8.875,9.75,9.34375,9.96875],"rotation":0,"texture":"#0","tintindex":0},"north":{"uv":[9.5625,1.5,10.34375,1.71875],"rotation":0,"texture":"#0","tintindex":0},"south":{"uv":[9.625,0.0,10.40625,0.21875],"rotation":0,"texture":"#0","tintindex":0},"up":{"uv":[5.09375,9.03125,4.3125,8.5625],"rotation":0,"texture":"#0","tintindex":0},"west":{"uv":[9.75,8.875,10.21875,9.09375],"rotation":0,"texture":"#0","tintindex":0}}},{"name":"cube","from":[4.3389797,12.905074,-1.5730977],"to":[11.79098,14.425523,3.0574613],"rotation":{"angle":-45.0,"axis":"x","origin":[8.05748,13.515298,2.617182]},"faces":{"down":{"uv":[8.90625,8.4375,8.125,8.90625],"rotation":0,"texture":"#0","tintindex":0},"east":{"uv":[7.875,7.625,8.34375,7.78125],"rotation":0,"texture":"#0","tintindex":0},"north":{"uv":[9.625,0.25,10.40625,0.40625],"rotation":0,"texture":"#0","tintindex":0},"south":{"uv":[9.6875,5.875,10.46875,6.03125],"rotation":0,"texture":"#0","tintindex":0},"up":{"uv":[5.40625,4.34375,4.625,3.875],"rotation":0,"texture":"#0","tintindex":0},"west":{"uv":[9.75,9.125,10.21875,9.28125],"rotation":0,"texture":"#0","tintindex":0}}},{"name":"cube","from":[0.7089796,10.589886,1.2019781],"to":[4.0059795,13.910335,4.182537],"rotation":{"angle":-22.5,"axis":"x","origin":[2.65748,12.550111,2.6922574]},"faces":{"down":{"uv":[10.09375,4.8125,9.75,5.125],"rotation":0,"texture":"#0","tintindex":0},"east":{"uv":[1.625,6.125,1.9375,6.46875],"rotation":0,"texture":"#0","tintindex":0},"north":{"uv":[8.5,9.6875,8.84375,10.03125],"rotation":0,"texture":"#0","tintindex":0},"south":{"uv":[9.75,2.0625,10.09375,2.40625],"rotation":0,"texture":"#0","tintindex":0},"up":{"uv":[2.46875,9.5625,2.125,9.25],"rotation":0,"texture":"#0","tintindex":0},"west":{"uv":[6.3125,4.6875,6.625,5.03125],"rotation":0,"texture":"#0","tintindex":0}}},{"name":"cube","from":[-0.19102025,12.689886,1.501978],"to":[2.5059803,14.810334,3.882537],"rotation":{"angle":-22.5,"axis":"x","origin":[2.65748,12.550111,2.6922574]},"faces":{"down":{"uv":[1.90625,6.875,1.625,7.125],"rotation":0,"texture":"#0","tintindex":0},"east":{"uv":[4.375,2.625,4.625,2.84375],"rotation":0,"texture":"#0","tintindex":0},"north":{"uv":[3.6875,9.75,3.96875,9.96875],"rotation":0,"texture":"#0","tintindex":0},"south":{"uv":[9.8125,2.9375,10.09375,3.15625],"rotation":0,"texture":"#0","tintindex":0},"up":{"uv":[2.21875,6.0,1.9375,5.75],"rotation":0,"texture":"#0","tintindex":0},"west":{"uv":[6.6875,8.25,6.9375,8.46875],"rotation":0,"texture":"#0","tintindex":0}}},{"name":"cube","from":[0.1089797,14.789886,1.8019781],"to":[2.2059803,16.910336,3.582537],"rotation":{"angle":-22.5,"axis":"x","origin":[2.65748,12.550111,2.6922574]},"faces":{"down":{"uv":[9.03125,0.4375,8.8125,0.625],"rotation":0,"texture":"#0","tintindex":0},"east":{"uv":[5.25,5.75,5.4375,5.96875],"rotation":0,"texture":"#0","tintindex":0},"north":{"uv":[7.25,9.6875,7.46875,9.90625],"rotation":0,"texture":"#0","tintindex":0},"south":{"uv":[9.375,9.75,9.59375,9.96875],"rotation":0,"texture":"#0","tintindex":0},"up":{"uv":[6.53125,5.25,6.3125,5.0625],"rotation":0,"texture":"#0","tintindex":0},"west":{"uv":[6.125,3.5,6.3125,3.71875],"rotation":0,"texture":"#0","tintindex":0}}},{"name":"cube","from":[0.40897965,16.889887,2.101978],"to":[1.9059802,19.010334,3.282537],"rotation":{"angle":-22.5,"axis":"x","origin":[2.65748,12.550111,2.6922574]},"faces":{"down":{"uv":[0.96875,6.0,0.8125,6.125],"rotation":0,"texture":"#0","tintindex":0},"east":{"uv":[2.25,3.25,2.375,3.46875],"rotation":0,"texture":"#0","tintindex":0},"north":{"uv":[7.3125,9.4375,7.46875,9.65625],"rotation":0,"texture":"#0","tintindex":0},"south":{"uv":[0.0,9.875,0.15625,10.09375],"rotation":0,"texture":"#0","tintindex":0},"up":{"uv":[3.28125,5.75,3.125,5.625],"rotation":0,"texture":"#0","tintindex":0},"west":{"uv":[2.25,3.5,2.375,3.71875],"rotation":0,"texture":"#0","tintindex":0}}},{"name":"cube","from":[11.9303,10.589886,1.2019781],"to":[15.227302,13.910335,4.182537],"rotation":{"angle":-22.5,"axis":"x","origin":[13.2788,12.550111,2.6922574]},"faces":{"down":{"uv":[10.09375,8.5625,9.75,8.875],"rotation":0,"texture":"#0","tintindex":0},"east":{"uv":[1.625,6.5,1.9375,6.84375],"rotation":0,"texture":"#0","tintindex":0},"north":{"uv":[9.75,2.4375,10.09375,2.78125],"rotation":0,"texture":"#0","tintindex":0},"south":{"uv":[3.3125,9.75,3.65625,10.09375],"rotation":0,"texture":"#0","tintindex":0},"up":{"uv":[7.96875,10.0625,7.625,9.75],"rotation":0,"texture":"#0","tintindex":0},"west":{"uv":[4.4375,6.9375,4.75,7.28125],"rotation":0,"texture":"#0","tintindex":0}}},{"name":"cube","from":[13.4303,12.689886,1.501978],"to":[16.1273,14.810334,3.882537],"rotation":{"angle":-22.5,"axis":"x","origin":[13.2788,12.550111,2.6922574]},"faces":{"down":{"uv":[5.59375,9.375,5.3125,9.625],"rotation":0,"texture":"#0","tintindex":0},"east":{"uv":[4.875,9.0625,5.125,9.28125],"rotation":0,"texture":"#0","tintindex":0},