{"textures":{"0":"modelengine:entity/bison"},"elements":[{"name":"cube","from":[7.16468,-2.0479598,4.21472],"to":[12.556041,9.2186,11.85248],"rotation":{"angle":0.0,"axis":"x","origin":[4.24436,9.443241,8.0336]},"faces":{"down":{"uv":[8.625,1.5625,8.0625,2.34375],"rotation":0,"texture":"#0","tintindex":0},"east":{"uv":[5.5625,6.125,6.34375,7.3125],"rotation":0,"texture":"#0","tintindex":0},"north":{"uv":[3.875,6.9375,4.4375,8.125],"rotation":0,"texture":"#0","tintindex":0},"south":{"uv":[6.375,7.0625,6.9375,8.25],"rotation":0,"texture":"#0","tintindex":0},"up":{"uv":[8.625,1.53125,8.0625,0.75],"rotation":0,"texture":"#0","tintindex":0},"west":{"uv":[6.3125,3.5,7.09375,4.6875],"rotation":0,"texture":"#0","tintindex":0}}}],"display":{"head":{"translation":[0.0,-6.4,0.0],"rotation":[0.0,0.0,0.0],"scale":[3.8095,3.8095,3.8095]}}}