{"textures":{"0":"modelengine:entity/bison"},"elements":[{"name":"cube","from":[3.4439595,-2.0479598,4.21472],"to":[8.83532,9.2186,11.85248],"rotation":{"angle":0.0,"axis":"x","origin":[11.75564,9.443241,8.0336]},"faces":{"down":{"uv":[1.5625,7.3125,1.0,8.09375],"rotation":0,"texture":"#0","tintindex":0},"east":{"uv":[0.8125,6.125,1.59375,7.3125],"rotation":0,"texture":"#0","tintindex":0},"north":{"uv":[2.75,6.9375,3.3125,8.125],"rotation":0,"texture":"#0","tintindex":0},"south":{"uv":[3.3125,6.9375,3.875,8.125],"rotation":0,"texture":"#0","tintindex":0},"up":{"uv":[6.6875,0.78125,6.125,0.0],"rotation":0,"texture":"#0","tintindex":0},"west":{"uv":[4.75,6.125,5.53125,7.3125],"rotation":0,"texture":"#0","tintindex":0}}}],"display":{"head":{"translation":[0.0,-6.4,0.0],"rotation":[0.0,0.0,0.0],"scale":[3.8095,3.8095,3.8095]}}}