{"textures":{"0":"modelengine:entity/lynx"},"elements":[{"name":"cube","from":[7.1792,5.3395452,7.5235806],"to":[8.564301,7.9477453,9.48378],"rotation":{"angle":-22.5,"axis":"x","origin":[7.8677,6.6314955,7.9366803]},"faces":{"down":{"uv":[10.3125,0.0,9.75,0.8125],"rotation":0,"texture":"#0","tintindex":0},"east":{"uv":[2.0,7.5,2.8125,8.5625],"rotation":0,"texture":"#0","tintindex":0},"north":{"uv":[5.5,8.5,6.0625,9.5625],"rotation":0,"texture":"#0","tintindex":0},"south":{"uv":[6.25,8.5,6.8125,9.5625],"rotation":0,"texture":"#0","tintindex":0},"up":{"uv":[10.0625,8.5625,9.5,7.75],"rotation":0,"texture":"#0","tintindex":0},"west":{"uv":[0.0,7.75,0.8125,8.8125],"rotation":0,"texture":"#0","tintindex":0}}},{"name":"cube","from":[7.1792,4.6772385,7.989322],"to":[8.5463,6.0299387,9.860422],"rotation":{"angle":0.0,"axis":"x","origin":[7.87175,6.3296385,8.718323]},"faces":{"down":{"uv":[6.5625,9.75,6.0,10.5],"rotation":0,"texture":"#0","tintindex":0},"east":{"uv":[4.0,9.75,4.75,10.3125],"rotation":0,"texture":"#0","tintindex":0},"north":{"uv":[10.25,7.5,10.8125,8.0625],"rotation":0,"texture":"#0","tintindex":0},"south":{"uv":[9.75,10.25,10.3125,10.8125],"rotation":0,"texture":"#0","tintindex":0},"up":{"uv":[10.3125,6.0,9.75,5.25],"rotation":0,"texture":"#0","tintindex":0},"west":{"uv":[5.25,9.75,6.0,10.3125],"rotation":0,"texture":"#0","tintindex":0}}},{"name":"cube","from":[7.2359,4.3631797,7.0044003],"to":[8.4347,4.76818,9.8475],"rotation":{"angle":0.0,"axis":"x","origin":[8.0,6.4399996,1.8799993]},"faces":{"down":{"uv":[3.25,8.75,2.75,9.9375],"rotation":0,"texture":"#0","tintindex":0},"east":{"uv":[10.5,1.0,11.6875,1.1875],"rotation":0,"texture":"#0","tintindex":0},"north":{"uv":[9.75,3.25,10.25,3.4375],"rotation":0,"texture":"#0","tintindex":0},"south":{"uv":[9.75,3.5,10.25,3.6875],"rotation":0,"texture":"#0","tintindex":0},"up":{"uv":[2.75,9.9375,2.25,8.75],"rotation":0,"texture":"#0","tintindex":0},"west":{"uv":[10.5,1.25,11.6875,1.4375],"rotation":0,"texture":"#0","tintindex":0}}}],"display":{"head":{"translation":[0.0,-6.4,0.0],"rotation":[0.0,0.0,0.0],"scale":[3.8095,3.8095,3.8095]}}}