{"textures":{"0":"modelengine:entity/lynx"},"elements":[{"name":"h_head","from":[6.083468,10.538373,7.6635923],"to":[7.0878677,12.368974,7.879592],"rotation":{"angle":22.5,"axis":"z","origin":[6.547868,11.874873,7.7715926]},"faces":{"down":{"uv":[11.1875,3.25,10.75,3.3125],"rotation":0,"texture":"#0","tintindex":0},"east":{"uv":[1.75,10.75,1.8125,11.5],"rotation":0,"texture":"#0","tintindex":0},"north":{"uv":[0.5,10.25,0.9375,11.0],"rotation":0,"texture":"#0","tintindex":0},"south":{"uv":[10.25,3.25,10.6875,4.0],"rotation":0,"texture":"#0","tintindex":0},"up":{"uv":[3.6875,10.8125,3.25,10.75],"rotation":0,"texture":"#0","tintindex":0},"west":{"uv":[2.0,10.75,2.0625,11.5],"rotation":0,"texture":"#0","tintindex":0}}},{"name":"h_head","from":[9.039932,10.538373,7.6635923],"to":[10.0443325,12.368974,7.879592],"rotation":{"angle":-22.5,"axis":"z","origin":[9.219933,11.874873,7.7715926]},"faces":{"down":{"uv":[3.1875,10.75,2.75,10.8125],"rotation":0,"texture":"#0","tintindex":0},"east":{"uv":[6.75,9.75,6.8125,10.5],"rotation":0,"texture":"#0","tintindex":0},"north":{"uv":[10.0,9.5,10.4375,10.25],"rotation":0,"texture":"#0","tintindex":0},"south":{"uv":[0.0,10.25,0.4375,11.0],"rotation":0,"texture":"#0","tintindex":0},"up":{"uv":[2.6875,10.8125,2.25,10.75],"rotation":0,"texture":"#0","tintindex":0},"west":{"uv":[1.5,10.75,1.5625,11.5],"rotation":0,"texture":"#0","tintindex":0}}},{"name":"h_head","from":[7.2926,9.362043,6.1591415],"to":[8.8316,10.640043,8.346142],"rotation":{"angle":-45.0,"axis":"x","origin":[8.0621,9.371044,6.127641]},"faces":{"down":{"uv":[4.625,8.75,4.0,9.6875],"rotation":0,"texture":"#0","tintindex":0},"east":{"uv":[6.0,3.75,6.9375,4.3125],"rotation":0,"texture":"#0","tintindex":0},"north":{"uv":[8.5,10.0,9.125,10.5625],"rotation":0,"texture":"#0","tintindex":0},"south":{"uv":[10.0,8.75,10.625,9.3125],"rotation":0,"texture":"#0","tintindex":0},"up":{"uv":[3.875,9.6875,3.25,8.75],"rotation":0,"texture":"#0","tintindex":0},"west":{"uv":[9.25,3.75,10.1875,4.3125],"rotation":0,"texture":"#0","tintindex":0}}},{"name":"h_head","from":[7.2926,8.946297,5.521349],"to":[8.8316,9.504297,7.078349],"rotation":{"angle":0.0,"axis":"x","origin":[8.0621,8.955297,6.299849]},"faces":{"down":{"uv":[8.375,10.0,7.75,10.625],"rotation":0,"texture":"#0","tintindex":0},"east":{"uv":[10.5,9.75,11.125,10.0],"rotation":0,"texture":"#0","tintindex":0},"north":{"uv":[10.5,9.5,11.125,9.75],"rotation":0,"texture":"#0","tintindex":0},"south":{"uv":[10.5,10.0,11.125,10.25],"rotation":0,"texture":"#0","tintindex":0},"up":{"uv":[10.625,5.125,10.0,4.5],"rotation":0,"texture":"#0","tintindex":0},"west":{"uv":[10.5,10.25,11.125,10.5],"rotation":0,"texture":"#0","tintindex":0}}},{"name":"h_head","from":[7.2836,9.396484,5.265992],"to":[8.8406,10.314486,6.8229923],"rotation":{"angle":0.0,"axis":"x","origin":[8.0621,10.305485,8.294493]},"faces":{"down":{"uv":[2.875,10.0,2.25,10.625],"rotation":0,"texture":"#0","tintindex":0},"east":{"uv":[10.25,4.0,10.875,4.375],"rotation":0,"texture":"#0","tintindex":0},"north":{"uv":[5.25,2.5,5.875,2.875],"rotation":0,"texture":"#0","tintindex":0},"south":{"uv":[10.25,8.25,10.875,8.625],"rotation":0,"texture":"#0","tintindex":0},"up":{"uv":[2.125,10.625,1.5,10.0],"rotation":0,"texture":"#0","tintindex":0},"west":{"uv":[10.5,0.0,11.125,0.375],"rotation":0,"texture":"#0","tintindex":0}}},{"name":"h_head","from":[6.5635996,8.766485,6.795992],"to":[9.5606,11.844485,9.072992],"rotation":{"angle":0.0,"axis":"x","origin":[8.0621,10.305485,7.5744925]},"faces":{"down":{"uv":[3.25,6.5,2.0,7.4375],"rotation":0,"texture":"#0","tintindex":0},"east":{"uv":[6.5,0.0,7.4375,1.3125],"rotation":0,"texture":"#0","tintindex":0},"north":{"uv":[4.5,4.5,5.75,5.8125],"rotation":0,"texture":"#0","tintindex":0},"south":{"uv":[0.0,5.0,1.25,6.3125],"rotation":0,"texture":"#0","tintindex":0},"up":{"uv":[7.75,2.4375,6.5,1.5],"rotation":0,"texture":"#0","tintindex":0},"west":{"uv":[1.0,6.5,1.9375,7.8125],"rotation":0,"texture":"#0","tintindex":0}}}],"display":{"head":{"translation":[0.0,-6.4,0.0],"rotation":[0.0,0.0,0.0],"scale":[3.8095,3.8095,3.8095]}}}