{"textures":{"0":"modelengine:entity/jaguar"},"elements":[{"name":"cube","from":[7.1495,4.521045,6.888563],"to":[8.8505,8.251905,9.156563],"rotation":{"angle":0.0,"axis":"x","origin":[9.803061,3.806625,10.721483]},"faces":{"down":{"uv":[1.75,0.0,2.4375,1.125],"rotation":0,"texture":"#0","tintindex":0},"east":{"uv":[1.75,0.0,2.4375,1.125],"rotation":0,"texture":"#0","tintindex":0},"north":{"uv":[1.75,0.0,2.4375,1.125],"rotation":0,"texture":"#0","tintindex":0},"south":{"uv":[1.75,0.0,2.4375,1.125],"rotation":0,"texture":"#0","tintindex":0},"up":{"uv":[1.75,0.0,2.4375,1.125],"rotation":0,"texture":"#0","tintindex":0},"west":{"uv":[1.75,0.0,2.4375,1.125],"rotation":0,"texture":"#0","tintindex":0}}},{"name":"cube","from":[7.16084,3.954045,5.641163],"to":[8.83916,4.521045,9.122543],"rotation":{"angle":0.0,"axis":"x","origin":[9.79172,2.570565,12.762683]},"faces":{"down":{"uv":[0.1875,0.375,1.25,0.5625],"rotation":0,"texture":"#0","tintindex":0},"east":{"uv":[0.1875,0.375,1.25,0.5625],"rotation":0,"texture":"#0","tintindex":0},"north":{"uv":[0.1875,0.375,1.25,0.5625],"rotation":0,"texture":"#0","tintindex":0},"south":{"uv":[0.1875,0.375,1.25,0.5625],"rotation":0,"texture":"#0","tintindex":0},"up":{"uv":[0.4375,0.0,0.937,1.036125],"rotation":0,"texture":"#0","tintindex":0},"west":{"uv":[0.1875,0.375,1.25,0.5625],"rotation":0,"texture":"#0","tintindex":0}}}],"display":{"head":{"translation":[0.0,-6.4,0.0],"rotation":[0.0,0.0,0.0],"scale":[3.8095,3.8095,3.8095]}}}