{"textures":{"0":"modelengine:entity/jaguar"},"elements":[{"name":"cube","from":[6.8508797,4.5153637,7.333013],"to":[8.79002,8.166843,10.077293],"rotation":{"angle":-22.5,"axis":"x","origin":[7.8147798,6.324094,7.911353]},"faces":{"down":{"uv":[0.0,1.5,0.8125,2.5625],"rotation":0,"texture":"#0","tintindex":0},"east":{"uv":[0.0,1.5,0.8125,2.5625],"rotation":0,"texture":"#0","tintindex":0},"north":{"uv":[0.0,1.5,0.8125,2.5625],"rotation":0,"texture":"#0","tintindex":0},"south":{"uv":[0.0,1.5,0.8125,2.5625],"rotation":0,"texture":"#0","tintindex":0},"up":{"uv":[0.0,1.5,0.8125,2.5625],"rotation":0,"texture":"#0","tintindex":0},"west":{"uv":[0.0,1.5,0.8125,2.5625],"rotation":0,"texture":"#0","tintindex":0}}},{"name":"cube","from":[6.8634796,3.5881343,7.9850516],"to":[8.76482,5.4819145,10.604591],"rotation":{"angle":0.0,"axis":"x","origin":[7.8204503,5.901494,9.005651]},"faces":{"down":{"uv":[0.8125,1.875,1.5625,2.4375],"rotation":0,"texture":"#0","tintindex":0},"east":{"uv":[0.8125,1.875,1.5625,2.4375],"rotation":0,"texture":"#0","tintindex":0},"north":{"uv":[0.8125,1.875,1.5625,2.4375],"rotation":0,"texture":"#0","tintindex":0},"south":{"uv":[0.8125,1.875,1.5625,2.4375],"rotation":0,"texture":"#0","tintindex":0},"up":{"uv":[0.8125,1.875,1.5625,2.4375],"rotation":0,"texture":"#0","tintindex":0},"west":{"uv":[0.8125,1.875,1.5625,2.4375],"rotation":0,"texture":"#0","tintindex":0}}},{"name":"cube","from":[6.9302597,3.1484523,6.60616],"to":[8.60858,3.715452,10.586501],"rotation":{"angle":0.0,"axis":"x","origin":[8.0,6.0559998,-0.5680001]},"faces":{"down":{"uv":[1.375,0.3125,2.5625,0.5],"rotation":0,"texture":"#0","tintindex":0},"east":{"uv":[1.375,0.3125,2.5625,0.5],"rotation":0,"texture":"#0","tintindex":0},"north":{"uv":[1.375,0.3125,2.5625,0.5],"rotation":0,"texture":"#0","tintindex":0},"south":{"uv":[1.375,0.3125,2.5625,0.5],"rotation":0,"texture":"#0","tintindex":0},"up":{"uv":[1.375,0.3125,1.8745,1.497125],"rotation":0,"texture":"#0","tintindex":0},"west":{"uv":[1.375,0.3125,2.5625,0.5],"rotation":0,"texture":"#0","tintindex":0}}}],"display":{"head":{"translation":[0.0,-6.4,0.0],"rotation":[0.0,0.0,0.0],"scale":[3.8095,3.8095,3.8095]}}}