{"textures":{"0":"modelengine:entity/brownbear"},"elements":[{"name":"cube","from":[5.3,1.5124997,5.54375],"to":[10.700001,7.8125,10.94375],"rotation":{"angle":0.0,"axis":"x","origin":[3.0499997,14.5625,23.54375]},"faces":{"down":{"uv":[0.75,9.5,0.0,10.25],"rotation":0,"texture":"#0","tintindex":0},"east":{"uv":[9.375,0.0,10.125,0.75],"rotation":0,"texture":"#0","tintindex":0},"north":{"uv":[9.25,6.875,10.0,7.625],"rotation":0,"texture":"#0","tintindex":0},"south":{"uv":[5.5,9.375,6.25,10.125],"rotation":0,"texture":"#0","tintindex":0},"up":{"uv":[10.125,9.875,9.375,9.125],"rotation":0,"texture":"#0","tintindex":0},"west":{"uv":[6.25,9.375,7.0,10.125],"rotation":0,"texture":"#0","tintindex":0}}},{"name":"cube","from":[5.75,0.6124997,5.9937496],"to":[10.25,1.5124997,10.94375],"rotation":{"angle":0.0,"axis":"x","origin":[3.0499997,14.5625,23.54375]},"faces":{"down":{"uv":[3.5,9.875,2.875,10.5625],"rotation":0,"texture":"#0","tintindex":0},"east":{"uv":[10.125,3.625,10.8125,3.75],"rotation":0,"texture":"#0","tintindex":0},"north":{"uv":[10.125,8.125,10.75,8.25],"rotation":0,"texture":"#0","tintindex":0},"south":{"uv":[10.125,8.25,10.75,8.375],"rotation":0,"texture":"#0","tintindex":0},"up":{"uv":[2.875,10.5625,2.25,9.875],"rotation":0,"texture":"#0","tintindex":0},"west":{"uv":[5.5,10.125,6.1875,10.25],"rotation":0,"texture":"#0","tintindex":0}}},{"name":"cube","from":[5.75,-1.1875005,3.2937498],"to":[10.25,0.6124997,10.94375],"rotation":{"angle":0.0,"axis":"x","origin":[3.0499997,14.5625,23.54375]},"faces":{"down":{"uv":[2.5,8.375,1.875,9.4375],"rotation":0,"texture":"#0","tintindex":0},"east":{"uv":[10.0,4.25,11.0625,4.5],"rotation":0,"texture":"#0","tintindex":0},"north":{"uv":[10.125,0.0,10.75,0.25],"rotation":0,"texture":"#0","tintindex":0},"south":{"uv":[10.125,0.25,10.75,0.5],"rotation":0,"texture":"#0","tintindex":0},"up":{"uv":[1.875,9.4375,1.25,8.375],"rotation":0,"texture":"#0","tintindex":0},"west":{"uv":[10.0,4.5,11.0625,4.75],"rotation":0,"texture":"#0","tintindex":0}}},{"name":"cube","from":[9.35,-1.1875005,2.6187499],"to":[10.25,0.16249967,3.2937498],"rotation":{"angle":0.0,"axis":"x","origin":[3.0499997,12.7625,23.54375]},"faces":{"down":{"uv":[10.8125,5.625,10.0,5.875],"rotation":0,"texture":"#0","tintindex":0},"east":{"uv":[0.75,10.125,1.0,10.6875],"rotation":0,"texture":"#0","tintindex":0},"north":{"uv":[0.75,9.5,1.5625,10.0625],"rotation":0,"texture":"#0","tintindex":0},"south":{"uv":[9.5,0.75,10.3125,1.3125],"rotation":0,"texture":"#0","tintindex":0},"up":{"uv":[10.8125,5.625,10.0,5.375],"rotation":0,"texture":"#0","tintindex":0},"west":{"uv":[1.0,10.125,1.25,10.6875],"rotation":0,"texture":"#0","tintindex":0}}},{"name":"cube","from":[7.55,-1.1875005,2.6187499],"to":[8.45,0.16249967,3.2937498],"rotation":{"angle":0.0,"axis":"x","origin":[3.0499997,12.7625,23.54375]},"faces":{"down":{"uv":[10.8125,5.625,10.0,5.875],"rotation":0,"texture":"#0","tintindex":0},"east":{"uv":[0.75,10.125,1.0,10.6875],"rotation":0,"texture":"#0","tintindex":0},"north":{"uv":[0.75,9.5,1.5625,10.0625],"rotation":0,"texture":"#0","tintindex":0},"south":{"uv":[9.5,0.75,10.3125,1.3125],"rotation":0,"texture":"#0","tintindex":0},"up":{"uv":[10.8125,5.625,10.0,5.375],"rotation":0,"texture":"#0","tintindex":0},"west":{"uv":[1.0,10.125,1.25,10.6875],"rotation":0,"texture":"#0","tintindex":0}}},{"name":"cube","from":[5.75,-1.1875005,2.6187499],"to":[6.6499996,0.16249967,3.2937498],"rotation":{"angle":0.0,"axis":"x","origin":[3.0499997,12.7625,23.54375]},"faces":{"down":{"uv":[10.8125,5.625,10.0,5.875],"rotation":0,"texture":"#0","tintindex":0},"east":{"uv":[0.75,10.125,1.0,10.6875],"rotation":0,"texture":"#0","tintindex":0},"north":{"uv":[0.75,9.5,1.5625,10.0625],"rotation":0,"texture":"#0","tintindex":0},"south":{"uv":[9.5,0.75,10.3125,1.3125],"rotation":0,"texture":"#0","tintindex":0},"up":{"uv":[10.8125,5.625,10.0,5.375],"rotation":0,"texture":"#0","tintindex":0},"west":{"uv":[1.0,10.125,1.25,10.6875],"rotation":0,"texture":"#0","tintindex":0}}}],"display":{"head":{"translation":[0.0,-6.4,0.0],"rotation":[0.0,0.0,0.0],"scale":[3.8095,3.8095,3.8095]}}}