{"textures":{"0":"modelengine:entity/brownbear"},"elements":[{"name":"cube","from":[3.87125,-1.5812502,-0.47125006],"to":[12.19625,5.84375,5.37875],"rotation":{"angle":0.0,"axis":"x","origin":[8.14625,0.8937497,25.62875]},"faces":{"down":{"uv":[8.3125,4.5,7.125,5.3125],"rotation":0,"texture":"#0","tintindex":0},"east":{"uv":[0.0,7.125,0.8125,8.1875],"rotation":0,"texture":"#0","tintindex":0},"north":{"uv":[1.5,5.25,2.6875,6.3125],"rotation":0,"texture":"#0","tintindex":0},"south":{"uv":[2.75,5.25,3.9375,6.3125],"rotation":0,"texture":"#0","tintindex":0},"up":{"uv":[7.5625,4.4375,6.375,3.625],"rotation":0,"texture":"#0","tintindex":0},"west":{"uv":[7.25,1.125,8.0625,2.1875],"rotation":0,"texture":"#0","tintindex":0}}},{"name":"cube","from":[4.54625,6.29375,0.42875004],"to":[11.52125,6.7437496,5.37875],"rotation":{"angle":0.0,"axis":"x","origin":[8.14625,0.8937497,25.62875]},"faces":{"down":{"uv":[8.125,8.0,7.125,8.6875],"rotation":0,"texture":"#0","tintindex":0},"east":{"uv":[0.0,10.375,0.6875,10.4375],"rotation":0,"texture":"#0","tintindex":0},"north":{"uv":[3.5,10.25,4.5,10.3125],"rotation":0,"texture":"#0","tintindex":0},"south":{"uv":[6.375,10.25,7.375,10.3125],"rotation":0,"texture":"#0","tintindex":0},"up":{"uv":[7.125,8.5625,6.125,7.875],"rotation":0,"texture":"#0","tintindex":0},"west":{"uv":[10.375,0.75,11.0625,0.8125],"rotation":0,"texture":"#0","tintindex":0}}},{"name":"cube","from":[4.32125,5.84375,0.2037499],"to":[11.74625,6.29375,5.37875],"rotation":{"angle":0.0,"axis":"x","origin":[8.14625,0.8937497,25.62875]},"faces":{"down":{"uv":[8.5625,0.0,7.5,0.75],"rotation":0,"texture":"#0","tintindex":0},"east":{"uv":[0.0,10.25,0.75,10.3125],"rotation":0,"texture":"#0","tintindex":0},"north":{"uv":[10.125,9.625,11.1875,9.6875],"rotation":0,"texture":"#0","tintindex":0},"south":{"uv":[10.125,9.75,11.1875,9.8125],"rotation":0,"texture":"#0","tintindex":0},"up":{"uv":[8.3125,3.0,7.25,2.25],"rotation":0,"texture":"#0","tintindex":0},"west":{"uv":[5.5,10.25,6.25,10.3125],"rotation":0,"texture":"#0","tintindex":0}}},{"name":"cube","from":[10.171249,4.71875,2.67875],"to":[13.09625,8.54375,3.5787501],"rotation":{"angle":-45.0,"axis":"z","origin":[11.63375,6.63125,3.12875]},"faces":{"down":{"uv":[9.9375,3.75,9.5,3.875],"rotation":0,"texture":"#0","tintindex":0},"east":{"uv":[10.125,8.375,10.25,8.9375],"rotation":0,"texture":"#0","tintindex":0},"north":{"uv":[4.625,10.0,5.0625,10.5625],"rotation":0,"texture":"#0","tintindex":0},"south":{"uv":[10.0,4.75,10.4375,5.3125],"rotation":0,"texture":"#0","tintindex":0},"up":{"uv":[9.9375,1.5,9.5,1.375],"rotation":0,"texture":"#0","tintindex":0},"west":{"uv":[10.125,9.0,10.25,9.5625],"rotation":0,"texture":"#0","tintindex":0}}},{"name":"cube","from":[10.39625,4.94375,3.5787501],"to":[12.87125,8.31875,3.80375],"rotation":{"angle":-45.0,"axis":"z","origin":[11.63375,6.63125,3.69125]},"faces":{"down":{"uv":[6.375,1.375,6.0,1.4375],"rotation":0,"texture":"#0","tintindex":0},"east":{"uv":[6.0,8.125,6.0625,8.625],"rotation":0,"texture":"#0","tintindex":0},"north":{"uv":[5.625,8.125,6.0,8.625],"rotation":0,"texture":"#0","tintindex":0},"south":{"uv":[5.125,10.0,5.5,10.5],"rotation":0,"texture":"#0","tintindex":0},"up":{"uv":[1.875,5.1875,1.5,5.125],"rotation":0,"texture":"#0","tintindex":0},"west":{"uv":[1.625,10.25,1.6875,10.75],"rotation":0,"texture":"#0","tintindex":0}}},{"name":"cube","from":[2.9712496,4.71875,2.67875],"to":[5.89625,8.54375,3.5787501],"rotation":{"angle":45.0,"axis":"z","origin":[4.43375,6.63125,3.12875]},"faces":{"down":{"uv":[6.5625,7.75,6.125,7.875],"rotation":0,"texture":"#0","tintindex":0},"east":{"uv":[8.25,3.875,8.375,4.4375],"rotation":0,"texture":"#0","tintindex":0},"north":{"uv":[4.375,6.375,4.8125,6.9375],"rotation":0,"texture":"#0","tintindex":0},"south":{"uv":[6.125,7.0,6.5625,7.5625],"rotation":0,"texture":"#0","tintindex":0},"up":{"uv":[6.5625,7.75,6.125,7.625],"rotation":0,"texture":"#0","tintindex":0},"west":{"uv":[4.25,8.375,4.375,8.9375],"rotation":0,"texture":"#0","tintindex":0}}},{"name":"cube","from":[3.1962495,4.94375,3.5787501],"to":[5.67125,8.31875,3.80375],"rotation":{"angle":45.0,"axis":"z","origin":[4.43375,6.63125,3.69125]},"faces":{"down":{"uv":[4.375,9.125,4.0,9.1875],"rotation":0,"texture":"#0","tintindex":0},"east":{"uv":[1.75,10.25,1.8125,10.75],"rotation":0,"texture":"#0","tintindex":0},"north":{"uv":[10.0,5.875,10.375,6.375],"rotation":0,"texture":"#0","tintindex":0},"south":{"uv":[10.0,6.375,10.375,6.875],"rotation":0,"texture":"#0","tintindex":0},"up":{"uv":[7.5,7.9375,7.125,7.875],"rotation":0,"texture":"#0","tintindex":0},"west":{"uv":[1.875,10.25,1.9375,10.75],"rotation":0,"texture":"#0","tintindex":0}}},{"name":"cube","from":[4.54625,-1.1312504,-2.72125],"to":[11.29625,3.3687499,-0.47125006],"rotation":{"angle":0.0,"axis":"x","origin":[8.14625,0.8937497,25.62875]},"faces":{"down":{"uv":[10.1875,9.875,9.25,10.1875],"rotation":0,"texture":"#0","tintindex":0},"east":{"uv":[1.5,4.5,1.8125,5.125],"rotation":0,"texture":"#0","tintindex":0},"north":{"uv":[8.5,2.625,9.4375,3.25],"rotation":0,"texture":"#0","tintindex":0},"south":{"uv":[8.5,3.25,9.4375,3.875],"rotation":0,"texture":"#0","tintindex":0},"up":{"uv":[9.1875,10.1875,8.25,9.875],"rotation":0,"texture":"#0","tintindex":0},"west":{"uv":[7.25,3.0,7.5625,3.625],"rotation":0,"texture":"#0","tintindex":0}}},{"name":"cube","from":[4.99625,-1.1312504,-4.2962503],"to":[10.846251,2.9187498,-2.72125],"rotation":{"angle":0.0,"axis":"x","origin":[8.14625,0.8937497,25.62875]},"faces":{"down":{"uv":[10.8125,5.625,10.0,5.875],"rotation":0,"texture":"#0","tintindex":0},"east":{"uv":[0.75,10.125,1.0,10.6875],"rotation":0,"texture":"#0","tintindex":0},"north":{"uv":[0.75,9.5,1.5625,10.0625],"rotation":0,"texture":"#0","tintindex":0},"south":{"uv":[9.5,0.75,10.3125,1.3125],"rotation":0,"texture":"#0","tintindex":0},"up":{"uv":[10.8125,5.625,10.0,5.375],"rotation":0,"texture":"#0","tintindex":0},"west":{"uv":[1.0,10.125,1.25,10.6875],"rotation":0,"texture":"#0","tintindex":0}}},{"name":"cube","from":[6.7962503,1.1187496,-4.74625],"to":[9.046249,3.3687499,-3.6212502],"rotation":{"angle":0.0,"axis":"x","origin":[8.14625,0.8937497,25.62875]},"faces":{"down":{"uv":[7.4375,5.375,7.125,5.5625],"rotation":0,"texture":"#0","tintindex":0},"east":{"uv":[8.125,1.875,8.3125,2.1875],"rotation":0,"texture":"#0","tintindex":0},"north":{"uv":[8.375,7.625,8.6875,7.9375],"rotation":0,"texture":"#0","tintindex":0},"south":{"uv":[8.75,1.5,9.0625,1.8125],"rotation":0,"texture":"#0","tintindex":0},"up":{"uv":[6.5625,5.8125,6.25,5.625],"rotation":0,"texture":"#0","tintindex":0},"west":{"uv":[7.875,8.75,8.0625,9.0625],"rotation":0,"texture":"#0","tintindex":0}}}],"display":{"head":{"translation":[0.0,-6.4,0.0],"rotation":[0.0,0.0,0.0],"scale":[3.8095,3.8095,3.8095]}}}