{"textures":{"0":"modelengine:entity/crocodile"},"elements":[{"name":"voxel","from":[-3.021739,6.5,17.008696],"to":[-1.2217393,8.9,19.408695],"rotation":{"angle":0.0,"axis":"x","origin":[12.578261,4.7,47.6087]},"faces":{"down":{"uv":[11.125,7.875,10.75,8.375],"rotation":180,"texture":"#0","tintindex":0},"east":{"uv":[8.875,10.375,9.375,10.875],"rotation":0,"texture":"#0","tintindex":0},"north":{"uv":[5.0,10.625,5.375,11.125],"rotation":0,"texture":"#0","tintindex":0},"south":{"uv":[4.625,10.625,5.0,11.125],"rotation":0,"texture":"#0","tintindex":0},"up":{"uv":[10.75,11.125,10.375,10.625],"rotation":180,"texture":"#0","tintindex":0},"west":{"uv":[8.375,10.375,8.875,10.875],"rotation":0,"texture":"#0","tintindex":0}}},{"name":"voxel","from":[-3.021739,4.7,17.008696],"to":[-1.2217393,6.5,19.408695],"rotation":{"angle":0.0,"axis":"x","origin":[12.578261,4.7,47.6087]},"faces":{"down":{"uv":[11.25,2.625,10.875,3.125],"rotation":180,"texture":"#0","tintindex":0},"east":{"uv":[10.875,1.0,11.375,1.375],"rotation":0,"texture":"#0","tintindex":0},"north":{"uv":[11.0,8.375,11.375,8.75],"rotation":0,"texture":"#0","tintindex":0},"south":{"uv":[11.0,6.0,11.375,6.375],"rotation":0,"texture":"#0","tintindex":0},"up":{"uv":[11.25,1.875,10.875,1.375],"rotation":180,"texture":"#0","tintindex":0},"west":{"uv":[10.75,10.625,11.25,11.0],"rotation":0,"texture":"#0","tintindex":0}}},{"name":"voxel","from":[-3.021739,4.7,14.608695],"to":[-1.2217393,5.8999996,17.008696],"rotation":{"angle":0.0,"axis":"x","origin":[12.578261,4.7,47.6087]},"faces":{"down":{"uv":[4.625,10.625,4.25,11.125],"rotation":180,"texture":"#0","tintindex":0},"east":{"uv":[4.25,11.125,4.75,11.375],"rotation":0,"texture":"#0","tintindex":0},"north":{"uv":[10.25,11.125,10.625,11.375],"rotation":0,"texture":"#0","tintindex":0},"south":{"uv":[11.125,8.125,11.5,8.375],"rotation":0,"texture":"#0","tintindex":0},"up":{"uv":[4.25,11.125,3.875,10.625],"rotation":180,"texture":"#0","tintindex":0},"west":{"uv":[3.75,11.125,4.25,11.375],"rotation":0,"texture":"#0","tintindex":0}}}],"display":{"head":{"translation":[0.0,-6.4,0.0],"rotation":[0.0,0.0,0.0],"scale":[3.8095,3.8095,3.8095]}}}