{"textures":{"0":"modelengine:entity/crocodile"},"elements":[{"name":"voxel","from":[16.778263,6.5,-5.191305],"to":[18.578262,8.9,-2.791305],"rotation":{"angle":0.0,"axis":"x","origin":[3.578261,4.7,36.8087]},"faces":{"down":{"uv":[1.875,10.625,1.5,11.125],"rotation":180,"texture":"#0","tintindex":0},"east":{"uv":[7.875,10.375,8.375,10.875],"rotation":0,"texture":"#0","tintindex":0},"north":{"uv":[0.75,10.625,1.125,11.125],"rotation":0,"texture":"#0","tintindex":0},"south":{"uv":[0.375,10.625,0.75,11.125],"rotation":0,"texture":"#0","tintindex":0},"up":{"uv":[1.5,11.125,1.125,10.625],"rotation":180,"texture":"#0","tintindex":0},"west":{"uv":[7.375,10.375,7.875,10.875],"rotation":0,"texture":"#0","tintindex":0}}},{"name":"voxel","from":[16.778263,4.7,-5.191305],"to":[18.578262,6.5,-2.791305],"rotation":{"angle":0.0,"axis":"x","origin":[3.578261,4.7,36.8087]},"faces":{"down":{"uv":[3.125,10.625,2.75,11.125],"rotation":180,"texture":"#0","tintindex":0},"east":{"uv":[1.875,10.625,2.375,11.0],"rotation":0,"texture":"#0","tintindex":0},"north":{"uv":[11.0,4.125,11.375,4.5],"rotation":0,"texture":"#0","tintindex":0},"south":{"uv":[1.875,11.0,2.25,11.375],"rotation":0,"texture":"#0","tintindex":0},"up":{"uv":[2.75,11.125,2.375,10.625],"rotation":180,"texture":"#0","tintindex":0},"west":{"uv":[10.5,6.0,11.0,6.375],"rotation":0,"texture":"#0","tintindex":0}}},{"name":"voxel","from":[16.778263,4.7,-7.5913057],"to":[18.578262,5.8999996,-5.191305],"rotation":{"angle":0.0,"axis":"x","origin":[3.578261,4.7,36.8087]},"faces":{"down":{"uv":[3.875,10.625,3.5,11.125],"rotation":180,"texture":"#0","tintindex":0},"east":{"uv":[3.25,11.125,3.75,11.375],"rotation":0,"texture":"#0","tintindex":0},"north":{"uv":[11.125,7.875,11.5,8.125],"rotation":0,"texture":"#0","tintindex":0},"south":{"uv":[6.875,11.125,7.25,11.375],"rotation":0,"texture":"#0","tintindex":0},"up":{"uv":[3.5,11.125,3.125,10.625],"rotation":180,"texture":"#0","tintindex":0},"west":{"uv":[2.75,11.125,3.25,11.375],"rotation":0,"texture":"#0","tintindex":0}}}],"display":{"head":{"translation":[0.0,-6.4,0.0],"rotation":[0.0,0.0,0.0],"scale":[3.8095,3.8095,3.8095]}}}