{"textures":{"0":"modelengine:entity/crocodile"},"elements":[{"name":"voxel","from":[17.378262,6.5,17.008696],"to":[19.17826,8.9,19.408695],"rotation":{"angle":0.0,"axis":"x","origin":[4.178261,4.7,47.6087]},"faces":{"down":{"uv":[7.75,10.875,7.375,11.375],"rotation":180,"texture":"#0","tintindex":0},"east":{"uv":[9.875,10.375,10.375,10.875],"rotation":0,"texture":"#0","tintindex":0},"north":{"uv":[10.875,5.0,11.25,5.5],"rotation":0,"texture":"#0","tintindex":0},"south":{"uv":[10.875,4.5,11.25,5.0],"rotation":0,"texture":"#0","tintindex":0},"up":{"uv":[11.25,6.0,10.875,5.5],"rotation":180,"texture":"#0","tintindex":0},"west":{"uv":[9.375,10.375,9.875,10.875],"rotation":0,"texture":"#0","tintindex":0}}},{"name":"voxel","from":[17.378262,4.7,17.008696],"to":[19.17826,6.5,19.408695],"rotation":{"angle":0.0,"axis":"x","origin":[4.178261,4.7,47.6087]},"faces":{"down":{"uv":[9.5,10.875,9.125,11.375],"rotation":180,"texture":"#0","tintindex":0},"east":{"uv":[8.25,10.875,8.75,11.25],"rotation":0,"texture":"#0","tintindex":0},"north":{"uv":[0.0,11.125,0.375,11.5],"rotation":0,"texture":"#0","tintindex":0},"south":{"uv":[10.75,11.0,11.125,11.375],"rotation":0,"texture":"#0","tintindex":0},"up":{"uv":[9.125,11.375,8.75,10.875],"rotation":180,"texture":"#0","tintindex":0},"west":{"uv":[7.75,10.875,8.25,11.25],"rotation":0,"texture":"#0","tintindex":0}}},{"name":"voxel","from":[17.378262,4.7,14.608695],"to":[19.17826,5.8999996,17.008696],"rotation":{"angle":0.0,"axis":"x","origin":[4.178261,4.7,47.6087]},"faces":{"down":{"uv":[11.25,3.625,10.875,4.125],"rotation":180,"texture":"#0","tintindex":0},"east":{"uv":[6.375,11.125,6.875,11.375],"rotation":0,"texture":"#0","tintindex":0},"north":{"uv":[11.125,11.0,11.5,11.25],"rotation":0,"texture":"#0","tintindex":0},"south":{"uv":[11.125,10.375,11.5,10.625],"rotation":0,"texture":"#0","tintindex":0},"up":{"uv":[11.25,3.625,10.875,3.125],"rotation":180,"texture":"#0","tintindex":0},"west":{"uv":[4.75,11.125,5.25,11.375],"rotation":0,"texture":"#0","tintindex":0}}}],"display":{"head":{"translation":[0.0,-6.4,0.0],"rotation":[0.0,0.0,0.0],"scale":[3.8095,3.8095,3.8095]}}}