{"textures":{"0":"modelengine:entity/crocodile"},"elements":[{"name":"voxel","from":[4.7782607,9.881819,-7.000004],"to":[11.378262,11.681819,-1.0000029],"rotation":{"angle":0.0,"axis":"x","origin":[17.378262,6.2818184,44.600002]},"faces":{"down":{"uv":[2.75,9.0,1.375,10.25],"rotation":180,"texture":"#0","tintindex":0},"east":{"uv":[10.25,7.5,11.5,7.875],"rotation":0,"texture":"#0","tintindex":0},"north":{"uv":[7.625,2.375,9.0,2.75],"rotation":0,"texture":"#0","tintindex":0},"south":{"uv":[1.375,7.0,2.75,7.375],"rotation":0,"texture":"#0","tintindex":0},"up":{"uv":[1.375,10.25,0.0,9.0],"rotation":180,"texture":"#0","tintindex":0},"west":{"uv":[10.25,7.125,11.5,7.5],"rotation":0,"texture":"#0","tintindex":0}}},{"name":"voxel","from":[4.7782607,11.681819,-5.2000046],"to":[7.178261,12.881819,-1.6000032],"rotation":{"angle":0.0,"axis":"x","origin":[17.378262,6.2818184,44.600002]},"faces":{"down":{"uv":[10.75,7.875,10.25,8.625],"rotation":180,"texture":"#0","tintindex":0},"east":{"uv":[10.25,8.625,11.0,8.875],"rotation":0,"texture":"#0","tintindex":0},"north":{"uv":[11.0,8.75,11.5,9.0],"rotation":0,"texture":"#0","tintindex":0},"south":{"uv":[1.375,7.375,1.875,7.625],"rotation":0,"texture":"#0","tintindex":0},"up":{"uv":[2.375,8.75,1.875,8.0],"rotation":180,"texture":"#0","tintindex":0},"west":{"uv":[1.875,8.75,2.625,9.0],"rotation":0,"texture":"#0","tintindex":0}}},{"name":"voxel","from":[8.978261,11.681819,-5.2000046],"to":[11.378262,12.881819,-1.6000032],"rotation":{"angle":0.0,"axis":"x","origin":[17.378262,6.2818184,44.600002]},"faces":{"down":{"uv":[7.375,10.375,6.875,11.125],"rotation":180,"texture":"#0","tintindex":0},"east":{"uv":[10.375,10.375,11.125,10.625],"rotation":0,"texture":"#0","tintindex":0},"north":{"uv":[0.875,11.125,1.375,11.375],"rotation":0,"texture":"#0","tintindex":0},"south":{"uv":[0.375,11.125,0.875,11.375],"rotation":0,"texture":"#0","tintindex":0},"up":{"uv":[6.875,11.125,6.375,10.375],"rotation":180,"texture":"#0","tintindex":0},"west":{"uv":[10.375,6.375,11.125,6.625],"rotation":0,"texture":"#0","tintindex":0}}},{"name":"voxel","from":[9.57826,9.881819,-9.100002],"to":[10.178261,11.081819,-3.7000046],"rotation":{"angle":0.0,"axis":"x","origin":[17.378262,6.2818184,44.600002]},"faces":{"down":{"uv":[6.375,10.375,6.25,14.125],"rotation":180,"texture":"#0","tintindex":0},"east":{"uv":[7.875,9.0,11.625,9.625],"rotation":0,"texture":"#0","tintindex":0},"north":{"uv":[5.0,6.5,5.125,7.125],"rotation":0,"texture":"#0","tintindex":0},"south":{"uv":[4.875,6.5,5.0,7.125],"rotation":0,"texture":"#0","tintindex":0},"up":{"uv":[6.25,14.125,6.125,10.375],"rotation":180,"texture":"#0","tintindex":0},"west":{"uv":[4.125,9.0,7.875,9.625],"rotation":0,"texture":"#0","tintindex":0}}},{"name":"voxel","from":[5.978261,9.881819,-9.100002],"to":[6.578261,11.081819,-3.7000046],"rotation":{"angle":0.0,"axis":"x","origin":[17.378262,6.2818184,44.600002]},"faces":{"down":{"uv":[6.375,10.375,6.25,14.125],"rotation":180,"texture":"#0","tintindex":0},"east":{"uv":[7.875,9.0,11.625,9.625],"rotation":0,"texture":"#0","tintindex":0},"north":{"uv":[5.0,6.5,5.125,7.125],"rotation":0,"texture":"#0","tintindex":0},"south":{"uv":[4.875,6.5,5.0,7.125],"rotation":0,"texture":"#0","tintindex":0},"up":{"uv":[6.25,14.125,6.125,10.375],"rotation":180,"texture":"#0","tintindex":0},"west":{"uv":[4.125,9.0,7.875,9.625],"rotation":0,"texture":"#0","tintindex":0}}},{"name":"voxel","from":[5.978261,9.881819,-15.400002],"to":[6.578261,11.081819,-10.0],"rotation":{"angle":0.0,"axis":"x","origin":[17.378262,6.2818184,44.600002]},"faces":{"down":{"uv":[6.375,10.375,6.25,14.125],"rotation":180,"texture":"#0","tintindex":0},"east":{"uv":[7.875,9.0,11.625,9.625],"rotation":0,"texture":"#0","tintindex":0},"north":{"uv":[5.0,6.5,5.125,7.125],"rotation":0,"texture":"#0","tintindex":0},"south":{"uv":[4.875,6.5,5.0,7.125],"rotation":0,"texture":"#0","tintindex":0},"up":{"uv":[6.25,14.125,6.125,10.375],"rotation":180,"texture":"#0","tintindex":0},"west":{"uv":[4.125,9.0,7.875,9.625],"rotation":0,"texture":"#0","tintindex":0}}},{"name":"voxel","from":[4.7782607,8.081819,-16.0],"to":[11.378262,9.881819,-1.0000029],"rotation":{"angle":0.0,"axis":"x","origin":[8.07826,8.381819,-8.5]},"faces":{"down":{"uv":[9.125,9.625,12.25,10.0],"rotation":180,"texture":"#0","tintindex":0},"east":{"uv":[9.125,9.625,12.25,10.0],"rotation":0,"texture":"#0","tintindex":0},"north":{"uv":[9.125,9.625,12.25,10.0],"rotation":0,"texture":"#0","tintindex":0},"south":{"uv":[9.125,9.625,12.25,10.0],"rotation":0,"texture":"#0","tintindex":0},"up":{"uv":[9.125,9.625,12.25,10.0],"rotation":180,"texture":"#0","tintindex":0},"west":{"uv":[9.125,9.625,12.25,10.0],"rotation":0,"texture":"#0","tintindex":0}}},{"name":"voxel","from":[9.57826,9.881819,-15.400002],"to":[10.178261,11.081819,-10.0],"rotation":{"angle":0.0,"axis":"x","origin":[17.378262,6.2818184,44.600002]},"faces":{"down":{"uv":[6.375,10.375,6.25,14.125],"rotation":180,"texture":"#0","tintindex":0},"east":{"uv":[7.875,9.0,11.625,9.625],"rotation":0,"texture":"#0","tintindex":0},"north":{"uv":[5.0,6.5,5.125,7.125],"rotation":0,"texture":"#0","tintindex":0},"south":{"uv":[4.875,6.5,5.0,7.125],"rotation":0,"texture":"#0","tintindex":0},"up":{"uv":[6.25,14.125,6.125,10.375],"rotation":180,"texture":"#0","tintindex":0},"west":{"uv":[4.125,9.0,7.875,9.625],"rotation":0,"texture":"#0","tintindex":0}}},{"name":"voxel","from":[7.778261,9.881819,-15.400002],"to":[8.378262,11.081819,-10.0],"rotation":{"angle":0.0,"axis":"x","origin":[17.378262,6.2818184,44.600002]},"faces":{"down":{"uv":[6.375,10.375,6.25,14.125],"rotation":180,"texture":"#0","tintindex":0},"east":{"uv":[7.875,9.0,11.625,9.625],"rotation":0,"texture":"#0","tintindex":0},"north":{"uv":[5.0,6.5,5.125,7.125],"rotation":0,"texture":"#0","tintindex":0},"south":{"uv":[4.875,6.5,5.0,7.125],"rotation":0,"texture":"#0","tintindex":0},"up":{"uv":[6.25,14.125,6.125,10.375],"rotation":180,"texture":"#0","tintindex":0},"west":{"uv":[4.125,9.0,7.875,9.625],"rotation":0,"texture":"#0","tintindex":0}}},{"name":"voxel","from":[7.778261,9.881819,-9.100002],"to":[8.378262,11.081819,-3.7000046],"rotation":{"angle":0.0,"axis":"x","origin":[17.378262,6.2818184,44.600002]},"faces":{"down":{"uv":[6.375,10.375,6.25,14.125],"rotation":180,"texture":"#0","tintindex":0},"east":{"uv":[7.875,9.0,11.625,9.625],"rotation":0,"texture":"#0","tintindex":0},"north":{"uv":[5.0,6.5,5.125,7.125],"rotation":0,"texture":"#0","tintindex":0},"south":{"uv":[4.875,6.5,5.0,7.125],"rotation":0,"texture":"#0","tintindex":0},"up":{"uv":[6.25,14.125,6.125,10.375],"rotation":180,"texture":"#0","tintindex":0},"west":{"uv":[4.125,9.0,7.875,9.625],"rotation":0,"texture":"#0","tintindex":0}}}],"display":{"head":{"translation":[0.0,-6.4,-49.009956],"rotation":[0.0,0.0,0.0],"scale":[3.8095,3.8095,3.8095]}}}