{"textures":{"0":"modelengine:entity/crocodile"},"elements":[{"name":"voxel","from":[4.1391306,11.260869,-2.9956532],"to":[5.3391304,13.060869,2.4043477],"rotation":{"angle":0.0,"axis":"x","origin":[17.33913,4.6608696,42.604355]},"faces":{"down":{"uv":[5.75,10.25,5.625,14.125],"rotation":180,"texture":"#0","tintindex":0},"east":{"uv":[6.5,3.75,10.375,4.75],"rotation":0,"texture":"#0","tintindex":0},"north":{"uv":[3.625,3.875,3.75,4.875],"rotation":0,"texture":"#0","tintindex":0},"south":{"uv":[3.5,3.875,3.625,4.875],"rotation":0,"texture":"#0","tintindex":0},"up":{"uv":[5.625,14.125,5.5,10.25],"rotation":180,"texture":"#0","tintindex":0},"west":{"uv":[6.5,2.75,10.375,3.75],"rotation":0,"texture":"#0","tintindex":0}}},{"name":"voxel","from":[4.1391306,11.260869,3.6043477],"to":[5.3391304,13.060869,9.004348],"rotation":{"angle":0.0,"axis":"x","origin":[17.33913,4.6608696,42.604355]},"faces":{"down":{"uv":[5.75,10.25,5.625,14.125],"rotation":180,"texture":"#0","tintindex":0},"east":{"uv":[6.5,3.75,10.375,4.75],"rotation":0,"texture":"#0","tintindex":0},"north":{"uv":[3.625,3.875,3.75,4.875],"rotation":0,"texture":"#0","tintindex":0},"south":{"uv":[3.5,3.875,3.625,4.875],"rotation":0,"texture":"#0","tintindex":0},"up":{"uv":[5.625,14.125,5.5,10.25],"rotation":180,"texture":"#0","tintindex":0},"west":{"uv":[6.5,2.75,10.375,3.75],"rotation":0,"texture":"#0","tintindex":0}}},{"name":"voxel","from":[4.1391306,11.260869,10.204348],"to":[5.3391304,13.060869,15.604347],"rotation":{"angle":0.0,"axis":"x","origin":[17.33913,4.6608696,42.604355]},"faces":{"down":{"uv":[5.75,10.25,5.625,14.125],"rotation":180,"texture":"#0","tintindex":0},"east":{"uv":[6.5,3.75,10.375,4.75],"rotation":0,"texture":"#0","tintindex":0},"north":{"uv":[3.625,3.875,3.75,4.875],"rotation":0,"texture":"#0","tintindex":0},"south":{"uv":[3.5,3.875,3.625,4.875],"rotation":0,"texture":"#0","tintindex":0},"up":{"uv":[5.625,14.125,5.5,10.25],"rotation":180,"texture":"#0","tintindex":0},"west":{"uv":[6.5,2.75,10.375,3.75],"rotation":0,"texture":"#0","tintindex":0}}},{"name":"voxel","from":[10.739131,11.260869,10.204348],"to":[11.939131,13.060869,15.604347],"rotation":{"angle":0.0,"axis":"x","origin":[17.33913,4.6608696,42.604355]},"faces":{"down":{"uv":[5.75,10.25,5.625,14.125],"rotation":180,"texture":"#0","tintindex":0},"east":{"uv":[6.5,3.75,10.375,4.75],"rotation":0,"texture":"#0","tintindex":0},"north":{"uv":[3.625,3.875,3.75,4.875],"rotation":0,"texture":"#0","tintindex":0},"south":{"uv":[3.5,3.875,3.625,4.875],"rotation":0,"texture":"#0","tintindex":0},"up":{"uv":[5.625,14.125,5.5,10.25],"rotation":180,"texture":"#0","tintindex":0},"west":{"uv":[6.5,2.75,10.375,3.75],"rotation":0,"texture":"#0","tintindex":0}}},{"name":"voxel","from":[10.739131,11.260869,3.6043477],"to":[11.939131,13.060869,9.004348],"rotation":{"angle":0.0,"axis":"x","origin":[17.33913,4.6608696,42.604355]},"faces":{"down":{"uv":[5.75,10.25,5.625,14.125],"rotation":180,"texture":"#0","tintindex":0},"east":{"uv":[6.5,3.75,10.375,4.75],"rotation":0,"texture":"#0","tintindex":0},"north":{"uv":[3.625,3.875,3.75,4.875],"rotation":0,"texture":"#0","tintindex":0},"south":{"uv":[3.5,3.875,3.625,4.875],"rotation":0,"texture":"#0","tintindex":0},"up":{"uv":[5.625,14.125,5.5,10.25],"rotation":180,"texture":"#0","tintindex":0},"west":{"uv":[6.5,2.75,10.375,3.75],"rotation":0,"texture":"#0","tintindex":0}}},{"name":"voxel","from":[10.739131,11.260869,-2.9956532],"to":[11.939131,13.060869,2.4043477],"rotation":{"angle":0.0,"axis":"x","origin":[17.33913,4.6608696,42.604355]},"faces":{"down":{"uv":[5.75,10.25,5.625,14.125],"rotation":180,"texture":"#0","tintindex":0},"east":{"uv":[6.5,3.75,10.375,4.75],"rotation":0,"texture":"#0","tintindex":0},"north":{"uv":[3.625,3.875,3.75,4.875],"rotation":0,"texture":"#0","tintindex":0},"south":{"uv":[3.5,3.875,3.625,4.875],"rotation":0,"texture":"#0","tintindex":0},"up":{"uv":[5.625,14.125,5.5,10.25],"rotation":180,"texture":"#0","tintindex":0},"west":{"uv":[6.5,2.75,10.375,3.75],"rotation":0,"texture":"#0","tintindex":0}}},{"name":"voxel","from":[7.1391306,11.260869,10.204348],"to":[8.33913,13.060869,15.604347],"rotation":{"angle":0.0,"axis":"x","origin":[17.33913,4.6608696,42.604355]},"faces":{"down":{"uv":[5.75,10.25,5.625,14.125],"rotation":180,"texture":"#0","tintindex":0},"east":{"uv":[6.5,3.75,10.375,4.75],"rotation":0,"texture":"#0","tintindex":0},"north":{"uv":[3.625,3.875,3.75,4.875],"rotation":0,"texture":"#0","tintindex":0},"south":{"uv":[3.5,3.875,3.625,4.875],"rotation":0,"texture":"#0","tintindex":0},"up":{"uv":[5.625,14.125,5.5,10.25],"rotation":180,"texture":"#0","tintindex":0},"west":{"uv":[6.5,2.75,10.375,3.75],"rotation":0,"texture":"#0","tintindex":0}}},{"name":"voxel","from":[7.1391306,11.260869,3.6043477],"to":[8.33913,13.060869,9.004348],"rotation":{"angle":0.0,"axis":"x","origin":[17.33913,4.6608696,42.604355]},"faces":{"down":{"uv":[5.75,10.25,5.625,14.125],"rotation":180,"texture":"#0","tintindex":0},"east":{"uv":[6.5,3.75,10.375,4.75],"rotation":0,"texture":"#0","tintindex":0},"north":{"uv":[3.625,3.875,3.75,4.875],"rotation":0,"texture":"#0","tintindex":0},"south":{"uv":[3.5,3.875,3.625,4.875],"rotation":0,"texture":"#0","tintindex":0},"up":{"uv":[5.625,14.125,5.5,10.25],"rotation":180,"texture":"#0","tintindex":0},"west":{"uv":[6.5,2.75,10.375,3.75],"rotation":0,"texture":"#0","tintindex":0}}},{"name":"voxel","from":[7.1391306,11.260869,-2.9956532],"to":[8.33913,13.060869,2.4043477],"rotation":{"angle":0.0,"axis":"x","origin":[17.33913,4.6608696,42.604355]},"faces":{"down":{"uv":[5.75,10.25,5.625,14.125],"rotation":180,"texture":"#0","tintindex":0},"east":{"uv":[6.5,3.75,10.375,4.75],"rotation":0,"texture":"#0","tintindex":0},"north":{"uv":[3.625,3.875,3.75,4.875],"rotation":0,"texture":"#0","tintindex":0},"south":{"uv":[3.5,3.875,3.625,4.875],"rotation":0,"texture":"#0","tintindex":0},"up":{"uv":[5.625,14.125,5.5,10.25],"rotation":180,"texture":"#0","tintindex":0},"west":{"uv":[6.5,2.75,10.375,3.75],"rotation":0,"texture":"#0","tintindex":0}}},{"name":"voxel","from":[3.5391302,4.6608696,-2.9956532],"to":[12.539131,11.260869,15.604347],"rotation":{"angle":0.0,"axis":"x","origin":[17.33913,4.6608696,42.604355]},"faces":{"down":{"uv":[3.75,1.375,7.625,2.75],"rotation":180,"texture":"#0","tintindex":0},"east":{"uv":[3.75,1.375,7.625,2.75],"rotation":0,"texture":"#0","tintindex":0},"north":{"uv":[3.75,1.375,7.625,2.75],"rotation":0,"texture":"#0","tintindex":0},"south":{"uv":[3.75,1.375,7.625,2.75],"rotation":0,"texture":"#0","tintindex":0},"up":{"uv":[3.75,1.375,7.625,2.75],"rotation":180,"texture":"#0","tintindex":0},"west":{"uv":[3.75,1.375,7.625,2.75],"rotation":0,"texture":"#0","tintindex":0}}}],"display":{"head":{"translation":[0.0,-6.4,0.0],"rotation":[0.0,0.0,0.0],"scale":[3.8095,3.8095,3.8095]}}}