{"textures":{"0":"modelengine:entity/orca"},"elements":[{"name":"cube","from":[6.5,5.9428573,8.227181],"to":[9.5,10.142857,13.627181],"rotation":{"angle":0.0,"axis":"x","origin":[8.0,4.142857,-19.072819]},"faces":{"down":{"uv":[9.25,1.625,8.625,2.75],"rotation":0,"texture":"#0","tintindex":0},"east":{"uv":[7.5,4.75,8.625,5.625],"rotation":0,"texture":"#0","tintindex":0},"north":{"uv":[8.625,4.75,9.25,5.625],"rotation":0,"texture":"#0","tintindex":0},"south":{"uv":[4.5,9.125,5.125,10.0],"rotation":0,"texture":"#0","tintindex":0},"up":{"uv":[5.75,8.375,5.125,7.25],"rotation":0,"texture":"#0","tintindex":0},"west":{"uv":[9.5,6.625,10.625,7.5],"rotation":0,"texture":"#0","tintindex":0}}},{"name":"cube","from":[5.3301516,7.1428576,7.8029165],"to":[8.330152,8.942857,13.202917],"rotation":{"angle":-22.5,"axis":"y","origin":[5.0301514,8.042857,10.502916]},"faces":{"down":{"uv":[12.375,3.875,11.75,5.0],"rotation":0,"texture":"#0","tintindex":0},"east":{"uv":[12.25,1.625,13.375,2.0],"rotation":0,"texture":"#0","tintindex":0},"north":{"uv":[10.875,6.25,11.5,6.625],"rotation":0,"texture":"#0","tintindex":0},"south":{"uv":[8.0,12.75,8.625,13.125],"rotation":0,"texture":"#0","tintindex":0},"up":{"uv":[4.375,12.0,3.75,10.875],"rotation":0,"texture":"#0","tintindex":0},"west":{"uv":[11.25,12.25,12.375,12.625],"rotation":0,"texture":"#0","tintindex":0}}},{"name":"cube","from":[2.7931342,7.292857,10.891748],"to":[6.9931345,8.642857,14.341748],"rotation":{"angle":0.0,"axis":"x","origin":[6.6931343,8.042857,11.191748]},"faces":{"down":{"uv":[7.5,12.0,6.625,12.75],"rotation":0,"texture":"#0","tintindex":0},"east":{"uv":[10.125,12.75,10.875,13.0625],"rotation":0,"texture":"#0","tintindex":0},"north":{"uv":[12.625,6.625,13.5,6.9375],"rotation":0,"texture":"#0","tintindex":0},"south":{"uv":[12.625,7.0,13.5,7.3125],"rotation":0,"texture":"#0","tintindex":0},"up":{"uv":[12.875,5.75,12.0,5.0],"rotation":0,"texture":"#0","tintindex":0},"west":{"uv":[12.75,11.375,13.5,11.6875],"rotation":0,"texture":"#0","tintindex":0}}},{"name":"cube","from":[7.6698484,7.1428576,7.8029165],"to":[10.669848,8.942857,13.202917],"rotation":{"angle":22.5,"axis":"y","origin":[10.969849,8.042857,10.502916]},"faces":{"down":{"uv":[12.375,8.875,11.75,10.0],"rotation":0,"texture":"#0","tintindex":0},"east":{"uv":[12.375,3.875,13.5,4.25],"rotation":0,"texture":"#0","tintindex":0},"north":{"uv":[8.625,12.75,9.25,13.125],"rotation":0,"texture":"#0","tintindex":0},"south":{"uv":[12.75,11.75,13.375,12.125],"rotation":0,"texture":"#0","tintindex":0},"up":{"uv":[12.375,8.875,11.75,7.75],"rotation":0,"texture":"#0","tintindex":0},"west":{"uv":[12.375,4.25,13.5,4.625],"rotation":0,"texture":"#0","tintindex":0}}},{"name":"cube","from":[9.0068655,7.292857,10.891748],"to":[13.206865,8.642857,14.341748],"rotation":{"angle":0.0,"axis":"x","origin":[9.306866,8.042857,11.191748]},"faces":{"down":{"uv":[9.25,12.0,8.375,12.75],"rotation":0,"texture":"#0","tintindex":0},"east":{"uv":[12.875,5.0,13.625,5.3125],"rotation":0,"texture":"#0","tintindex":0},"north":{"uv":[12.625,7.375,13.5,7.6875],"rotation":0,"texture":"#0","tintindex":0},"south":{"uv":[11.25,12.625,12.125,12.9375],"rotation":0,"texture":"#0","tintindex":0},"up":{"uv":[8.375,12.75,7.5,12.0],"rotation":0,"texture":"#0","tintindex":0},"west":{"uv":[12.875,5.375,13.625,5.6875],"rotation":0,"texture":"#0","tintindex":0}}},{"name":"cube","from":[12.606865,7.4428573,12.841748],"to":[15.0068655,8.492857,15.391748],"rotation":{"angle":-45.0,"axis":"y","origin":[15.306866,7.9678574,12.616748]},"faces":{"down":{"uv":[1.125,12.625,0.625,13.1875],"rotation":0,"texture":"#0","tintindex":0},"east":{"uv":[8.625,2.75,9.1875,3.0],"rotation":0,"texture":"#0","tintindex":0},"north":{"uv":[9.0,11.75,9.5,12.0],"rotation":0,"texture":"#0","tintindex":0},"south":{"uv":[0.625,13.25,1.125,13.5],"rotation":0,"texture":"#0","tintindex":0},"up":{"uv":[6.5,13.0625,6.0,12.5],"rotation":0,"texture":"#0","tintindex":0},"west":{"uv":[13.0,9.25,13.5625,9.5],"rotation":0,"texture":"#0","tintindex":0}}},{"name":"cube","from":[0.99313426,7.4428573,12.841748],"to":[3.3931346,8.492857,15.391748],"rotation":{"angle":45.0,"axis":"y","origin":[0.6931343,7.9678574,12.616748]},"faces":{"down":{"uv":[13.125,2.0,12.625,2.5625],"rotation":0,"texture":"#0","tintindex":0},"east":{"uv":[13.125,2.375,13.6875,2.625],"rotation":0,"texture":"#0","tintindex":0},"north":{"uv":[1.125,13.25,1.625,13.5],"rotation":0,"texture":"#0","tintindex":0},"south":{"uv":[2.875,13.25,3.375,13.5],"rotation":0,"texture":"#0","tintindex":0},"up":{"uv":[1.625,13.1875,1.125,12.625],"rotation":0,"texture":"#0","tintindex":0},"west":{"uv":[9.875,13.125,10.4375,13.375],"rotation":0,"texture":"#0","tintindex":0}}}],"display":{"head":{"translation":[0.0,-6.4,0.0],"rotation":[0.0,0.0,0.0],"scale":[3.8095,3.8095,3.8095]}}}